# The C172P's final approach and landing, learnt by reinforcement learning.
# Made by tools/rl/train.py (PPO) and written by tools/rl/export.py;
# do not edit - train again and export.
# Seed 3. Training steps (decisions, ten a second): 23000004 in all: 10000004 by its 21-input parent, then 13000000 with the 25 inputs, the last 10000000 of them at 4f6fc88.
# tools/rl as trained: 4f6fc88 for its last ten million decisions (fuel set for each flight, discount 0.999, the centreline paid for on short final, flights ended at the touch); before them ff5d66c, and for its 21-input parent dc7a155 and uncommitted work before it.
# Source checkpoint, kept outside the repository: step23000004.zip (sha256 41cf29077c3888fc1a7bd0c5e1a263eaacb530661e67ddef0f59d62c105d41bd) and step23000004.vecnorm (sha256 7d526fad1fd88af335eb68412767e3f83e449855d7f8126e010a5b7422323f7e).
# Exporting that checkpoint with export.py is deterministic and gives this file;
# training itself is not reproducible (PPO over parallel environments).
# Packages: jsbsim 1.3.1, gymnasium 1.3.0, stable_baselines3 2.9.0, torch 2.14.0+cpu, numpy 2.5.3.
# Flown by src/sim/learnt.cpp. Observation and action: tools/rl/landing.py.
# Its lineage, each part resumed from the one before (train.py --resume):
#   1. five million decisions, 21 inputs, an earlier reward (it learnt to land short), 16 environments;
#   2. five million at dc7a155, 12 environments; its last checkpoint was then chosen on the verification's starts;
#   3. carried over to 25 inputs, the four new ones weighted nothing (warm_start.py's first version, at ff5d66c);
#   4. three million at ff5d66c, the action noise held at a standard deviation of 0.08 (learning rate 3e-4);
#   5. four million at 4f6fc88, learning rate 1e-4, the noise held as before;
#   6. six million at 4f6fc88 from part 5's checkpoint at 17 million, learning rate 3e-5.
# Parts 1 to 4 were trained with the fuel never refilled (JSBSim's RunIC does not), mostly on part-full tanks and
# at the end on empty ones; parts 5 and 6 with 25 to 100 lb a tank drawn for each flight.
# Chosen on the forty held-out starts alone (evaluate.py --held-out, a fresh aeroplane each), at 25, 50, 75 and
# 100 lb a tank: 39, 40, 40 and 40 of 40 within the limits - the one miss 5.06 m off in 13.4 knots across and 4 behind.
# The verification's 27 starts were flown only by this export, for the fixture, and by the tests.
glideslope-policy 1
aircraft c172p
task landing
decision_steps 12
vref_kts 59.8
flaps 1.0
glidepath_deg 3.0
aim_m 300.0
observations 25
actions 4
obs_mean 1.3266561397697951 -0.22634011872983967 1.0726023983513093 3.199181997530019 0.0019337451883435055 -0.025005529217011425 0.8833350265963831 -0.4778597368805346 -0.4915693911532251 -0.0004223784784349295 0.03542090277579965 0.00048516805110660713 0.0012062942276548517 -0.004656486892087154 0.08151159334957622 -0.0017994720185094055 0.02998901393966231 0.19718666518970004 0.12112701421835485 -0.06597890992635874 0.034638854791721414 0.020939891716083722 -0.009905986843923126 -0.15804399148422285 -0.12808640507703878
obs_scale 0.8161011652045195 0.638921223218859 0.15014727273464376 0.3634602141248836 4.472233792663473 2.033144797882942 5.156592435465397 2.5941967246435933 1.033223072195987 17.865828390495924 11.798358538496265 7.261675346838947 8.624767255614673 21.19483310982593 13.599258916095861 6.756546749767083 5.863143258966989 3.033724008454437 2.5280300805521345 1.8575615606558091 2.474318171227396 1.4891179598529778 1.2276411608356408 1.3047492916315666 1.0075700872343254
obs_clip 10.0
layers 3
layer 25 64 tanh
-0.05529084429144859 0.3520369231700897 -0.03034105710685253 -0.07236417382955551 -0.013315599411725998 0.0526241734623909 -0.057210467755794525 -0.07760799676179886 0.09156766533851624 0.024514049291610718 0.21224012970924377 -0.01870337687432766 -0.2040051817893982 0.28432533144950867 0.03178810700774193 0.06019212678074837 -0.14536334574222565 0.012803449295461178 0.4994478225708008 -0.06392136216163635 0.14802810549736023 -0.041072383522987366 -0.047968506813049316 -0.05178302899003029 0.005420541390776634
0.039918966591358185 0.07473533600568771 -0.06100303307175636 0.0863320529460907 0.30797815322875977 -0.06167300418019295 0.3571579158306122 0.1944790482521057 -0.1453942209482193 -0.07949217408895493 0.006707392167299986 0.1584009975194931 0.018986593931913376 -0.1960967481136322 0.1742142140865326 0.056175194680690765 -0.5413967967033386 0.17045757174491882 -0.036470673978328705 0.06971822679042816 -0.02971726469695568 0.0026369886472821236 0.022245505824685097 -0.040043722838163376 -0.04258745163679123
-0.27582472562789917 -0.07483382523059845 0.09481805562973022 0.09429754316806793 0.3472481966018677 0.13576674461364746 0.2732546329498291 -0.11948775500059128 -0.024755680933594704 0.22826462984085083 -0.03496202826499939 0.1096179336309433 -0.18070204555988312 0.14288383722305298 -0.11169318109750748 0.05379734933376312 0.1673828810453415 0.24536700546741486 0.15525533258914948 -0.27055662870407104 -0.13357236981391907 -0.004335201811045408 0.016441822052001953 0.0461508147418499 0.015401916578412056
-0.14109058678150177 0.47913482785224915 -0.06986679881811142 0.20367072522640228 -0.011809158138930798 0.2663726806640625 0.01270250789821148 0.20790594816207886 -0.023663034662604332 -0.3391437232494354 0.009690139442682266 -0.1463213413953781 0.027807408943772316 0.1809415966272354 0.14402320981025696 0.011312536895275116 0.06882473081350327 0.10471750050783157 -0.05435408651828766 0.2694532871246338 -0.10346808284521103 0.021962935104966164 0.002950987545773387 -0.04268815368413925 0.020915839821100235
-0.15753966569900513 -0.1806807667016983 0.615119457244873 0.1920871138572693 0.17883403599262238 -0.015769753605127335 0.15499241650104523 0.16030432283878326 -0.12382207810878754 0.23131079971790314 -0.05467956140637398 -0.09629611670970917 0.16676896810531616 0.12594270706176758 0.026912115514278412 -0.22467023134231567 0.18362653255462646 -0.08420665562152863 0.10282152146100998 0.2581566274166107 -0.3353290557861328 -0.0167312603443861 -0.020128687843680382 0.011765819042921066 -0.008735456503927708
0.08019673079252243 -0.32742199301719666 -0.1787235140800476 -0.03058616816997528 0.23370306193828583 0.21303904056549072 0.14167462289333344 -0.29018229246139526 0.2687647044658661 -0.023192765191197395 0.08401276171207428 0.1786229908466339 0.06009155139327049 -0.06611986458301544 0.1727110743522644 -0.12491278350353241 -0.32171201705932617 0.19994093477725983 -0.1344538927078247 0.26011231541633606 -0.02869994379580021 4.752487802761607e-05 0.009188362397253513 0.009727603755891323 -0.0017950208857655525
0.29234564304351807 0.24123644828796387 -0.07332152873277664 0.3526113033294678 0.17281219363212585 -0.35513994097709656 0.001781142083927989 0.08119332045316696 0.1476336568593979 0.018587393686175346 0.09979642927646637 -0.010943208821117878 -0.38701072335243225 0.10234306007623672 -0.08410771191120148 -0.016345884650945663 0.20998600125312805 0.021534983068704605 -0.09604410082101822 -0.2555887699127197 -0.08047859370708466 -0.01095961406826973 0.02313077263534069 0.04266625642776489 0.03262823075056076
-0.1585123986005783 -0.23849453032016754 0.02857447788119316 0.34056833386421204 -0.4114132821559906 -0.012927846983075142 -0.2103271633386612 -0.2104666531085968 0.016381515190005302 -0.0881548523902893 -0.13234972953796387 -0.19452190399169922 -0.48487210273742676 -0.055549561977386475 0.038551297038793564 -0.03726184740662575 -0.13330501317977905 0.24532027542591095 0.21728156507015228 0.2776002585887909 -0.017556380480527878 0.01334722526371479 0.05763637647032738 0.069182850420475 -0.08684642612934113
-0.2354595810174942 -0.23392176628112793 -0.40375927090644836 0.3821313977241516 -0.022584503516554832 -0.08588597923517227 -0.24029842019081116 0.23846600949764252 -0.3324093818664551 0.5041082501411438 0.1502857357263565 0.22667063772678375 -0.0593850277364254 -0.01777343824505806 0.2347509264945984 -0.23803921043872833 -0.05048105865716934 -0.1888367235660553 -0.1971813440322876 -0.23221087455749512 0.08620667457580566 -0.0022668030578643084 0.027736065909266472 0.024926045909523964 -0.008301961235702038
-0.21649253368377686 0.005770648829638958 -0.06331576406955719 0.22586005926132202 0.24162805080413818 -0.30461305379867554 0.12229114025831223 -0.1930687576532364 0.10099880397319794 -0.16078858077526093 0.049025535583496094 -0.08796048909425735 0.4846040904521942 0.26680266857147217 -0.05719362571835518 0.5533096790313721 0.005470159463584423 0.03444486856460571 -0.014105577953159809 0.2734437584877014 0.23966214060783386 0.030014753341674805 0.027162039652466774 -0.08194315433502197 -0.02729848399758339
0.0989684984087944 0.15085077285766602 -0.10360922664403915 0.05290713906288147 -0.26472723484039307 0.17553789913654327 0.045118268579244614 0.01471756398677826 -0.16161666810512543 0.3319697380065918 -0.05396871641278267 0.3310156762599945 -0.34098687767982483 -0.028916139155626297 -0.1397222876548767 -0.18735069036483765 0.06353075057268143 -0.10075531899929047 -0.25893744826316833 0.08593904227018356 0.20010614395141602 0.012174678966403008 0.013924684375524521 0.05978613719344139 0.023223744705319405
-0.3842846751213074 0.3897981643676758 -0.6838172078132629 -0.15847958624362946 0.06031915917992592 -0.04420733451843262 0.23762568831443787 -0.13826031982898712 -0.1459992229938507 0.09007417410612106 -0.346767783164978 -0.23169223964214325 -0.16037191450595856 -0.10929624736309052 0.023711401969194412 0.08333490788936615 0.23508687317371368 0.0028639142401516438 0.027485650032758713 -0.00940188579261303 -0.09576159715652466 0.02309573069214821 0.05361497402191162 0.004118830431252718 0.08426088839769363
-0.331241250038147 0.2721753418445587 -0.4917805790901184 -0.03276698291301727 0.1748596727848053 0.27937668561935425 -0.1269572228193283 0.02412307634949684 -0.10810599476099014 0.13303619623184204 0.03438343480229378 -0.04312489926815033 0.12293752282857895 0.1716112345457077 -0.19542010128498077 -0.172697514295578 0.0382278710603714 -0.32619890570640564 0.17934709787368774 0.30732497572898865 0.06365372985601425 0.0020137655083090067 0.009531698189675808 0.024294927716255188 0.10342617332935333
-0.2465190440416336 -0.2317894697189331 -0.1334354430437088 -0.0756319910287857 -0.37572404742240906 0.2620217204093933 0.1318509578704834 -0.18393594026565552 0.09933733195066452 0.006463421508669853 0.30098870396614075 -0.12319274246692657 -0.07449399679899216 -0.05696741119027138 -0.3231985569000244 0.007848676294088364 0.1317838430404663 -0.12505078315734863 0.13498929142951965 0.10074026137590408 0.004716807045042515 -0.058123987168073654 -0.008528249338269234 -0.018460704013705254 0.03779488801956177
-0.1464126706123352 -0.420509397983551 0.291029691696167 0.35851338505744934 0.10984686762094498 0.1272653192281723 -0.06380929052829742 -0.051850657910108566 0.16946202516555786 -0.25069111585617065 -0.09527704119682312 -0.1124633401632309 0.008328023366630077 0.11068413406610489 0.15122950077056885 -0.11609212309122086 -0.016645101830363274 -0.023572057485580444 -0.12252970039844513 -0.052232906222343445 -0.050055015832185745 0.05547729879617691 0.009490828029811382 0.08635906875133514 -0.09678580611944199
0.1753929853439331 -0.09440910071134567 0.07771328091621399 0.3201170563697815 0.1324387937784195 0.07345551252365112 -0.08517587184906006 0.36261293292045593 0.12568001449108124 -0.006565371062606573 0.24452455341815948 -0.052691854536533356 0.10236413031816483 0.15452463924884796 0.0523931160569191 -0.22654947638511658 -0.16546253859996796 0.37296605110168457 -0.007362917996942997 -0.22618205845355988 0.15677446126937866 0.012170552276074886 0.010185995139181614 0.0843927189707756 -0.05560429021716118
-0.027624987065792084 -0.18323951959609985 0.04374280571937561 -0.16419440507888794 -0.12925143539905548 -0.38462841510772705 0.316745400428772 -0.25139403343200684 0.13217617571353912 0.19792942702770233 0.48426324129104614 -0.05649246275424957 -0.27141979336738586 -0.021653950214385986 0.2756737172603607 0.193739652633667 -0.11411409080028534 -0.2994675934314728 -0.17599967122077942 -0.00447724899277091 -0.15606722235679626 0.026018625125288963 0.020518697798252106 0.009146188385784626 -0.04507889971137047
-0.19258394837379456 -0.27029749751091003 0.0944831371307373 0.24904027581214905 0.010533235035836697 -0.16457583010196686 -0.12367168813943863 -0.2249453365802765 -0.25616559386253357 0.2505002021789551 -0.1679469645023346 0.17737971246242523 0.03174109384417534 -0.23117953538894653 -0.20127181708812714 -0.027293268591165543 -0.11517199128866196 -0.0760301724076271 0.16569210588932037 -0.018255244940519333 -0.17028911411762238 -0.029162557795643806 -0.024600796401500702 0.0784086361527443 -0.054541897028684616
-0.0006170691340230405 0.26417306065559387 -0.22413526475429535 -0.06714586913585663 -0.02495763823390007 -0.05011424422264099 0.3652912676334381 -0.22215354442596436 0.23836375772953033 -0.04228184372186661 0.4277644157409668 -0.20418275892734528 0.40878286957740784 0.3247185945510864 -0.06942285597324371 -0.5939650535583496 0.09572699666023254 -0.06102318316698074 0.22457978129386902 -0.102735735476017 0.2719171643257141 -0.0011286477092653513 0.011531539261341095 -0.08727865666151047 0.03267236799001694
-0.13700252771377563 -0.44433993101119995 0.03467381373047829 -0.3760250508785248 0.039693500846624374 0.20691907405853271 0.01246893685311079 -0.06721353530883789 -0.07455626130104065 0.3069746196269989 0.15799999237060547 -0.0624021552503109 -0.18371440470218658 0.041236452758312225 0.40455663204193115 -0.03415348753333092 -0.12681563198566437 0.3518314063549042 0.032021258026361465 -0.18507418036460876 -0.030828703194856644 -0.06152733042836189 -0.019754622131586075 0.21781444549560547 0.02501363307237625
0.14165982604026794 -0.28733232617378235 0.08408460766077042 0.3605966866016388 0.2747337818145752 -0.27959343791007996 0.06697814166545868 -0.2583945691585541 -0.008202241733670235 0.1540127843618393 -0.2253035604953766 -0.29064562916755676 0.3214455842971802 -0.2723841667175293 -0.015348761342465878 0.014463353902101517 0.060675784945487976 -0.25898873805999756 -0.10893882066011429 -0.34727731347084045 0.22131572663784027 0.07537760585546494 0.04238879308104515 0.05605214461684227 0.0072075421921908855
0.1501437872648239 -0.13063248991966248 -0.3141246736049652 0.2802734971046448 -0.026216786354780197 -0.3929596543312073 0.14756035804748535 -0.09150979667901993 -0.01785964146256447 0.23577654361724854 0.16124802827835083 0.19627109169960022 0.17491298913955688 0.10099504888057709 0.1565002053976059 0.11660588532686234 -0.2735775411128998 0.13096041977405548 -0.04635477438569069 0.028083404526114464 -0.062413256615400314 0.024396732449531555 0.024140769615769386 -0.10727567970752716 -0.06603196263313293
0.15213543176651 -0.41625314950942993 -0.2715500295162201 -0.33616477251052856 0.14687542617321014 -0.2959551215171814 -0.2355363368988037 -0.1654864400625229 -0.30752068758010864 -0.1455226093530655 0.07947411388158798 -0.14172223210334778 -0.17086704075336456 -0.22586968541145325 -0.180718332529068 0.2936093807220459 0.1327791064977646 -0.16780024766921997 -0.10112350434064865 -0.09269136935472488 0.23718339204788208 0.007044716738164425 0.014719745144248009 -0.006210350897163153 -0.07638484984636307
-0.28838634490966797 0.09408777207136154 -0.18355509638786316 0.008090180344879627 -0.20141556859016418 0.01881326176226139 -0.06235520914196968 -0.02087067998945713 0.11389574408531189 0.08288425952196121 -0.06484716385602951 0.15711425244808197 -0.001897892216220498 -0.3654528856277466 -0.5239291191101074 0.19868488609790802 -0.2448030561208725 -0.07908262312412262 -0.1719229817390442 -0.18837253749370575 0.026585381478071213 -0.05367165803909302 -0.06622900813817978 0.15465696156024933 -0.030971165746450424
0.13417837023735046 -0.0861155167222023 0.34715506434440613 0.17963476479053497 0.14253942668437958 -0.15971390902996063 0.08240167051553726 0.053037382662296295 -0.2572177052497864 -0.33993324637413025 0.05691354349255562 0.39073431491851807 -0.2649691700935364 -0.005126551724970341 -0.0007999392109923065 -0.09230954200029373 -0.05678227171301842 0.018751269206404686 0.0031131103169173002 -0.18696294724941254 0.44290870428085327 -0.10603756457567215 -0.021776199340820312 0.06629165261983871 -0.028354275971651077
-0.3223595917224884 0.3004743754863739 0.17470072209835052 -0.15625052154064178 -0.022613584995269775 -0.16560326516628265 -0.0300094336271286 -0.15737400949001312 -0.1392619013786316 -0.030910741537809372 0.2522571086883545 0.466928631067276 -0.3405153155326843 -0.11235445737838745 0.23407191038131714 0.09664986282587051 -0.1764882653951645 -0.5188474655151367 -0.10925202816724777 -0.0856497660279274 -0.1755896955728531 0.04234270751476288 0.05933283269405365 -0.04172099754214287 -0.05287044122815132
-0.12616291642189026 -0.10362723469734192 -0.056839097291231155 0.21729671955108643 -0.00843128003180027 0.0074888840317726135 0.015519225969910622 -0.42194026708602905 -0.1290067881345749 0.06226580962538719 -0.39221739768981934 0.05264899134635925 0.12311182916164398 0.31549665331840515 0.2011735588312149 0.08866588771343231 -0.3754052221775055 0.07973587512969971 0.09948015213012695 -0.08863328397274017 0.1572459489107132 0.015955574810504913 0.05126150697469711 0.006014671176671982 -0.03969324380159378
0.02360813319683075 0.02420857734978199 0.01944654807448387 -0.07645668089389801 0.1532270610332489 0.1575598567724228 0.08323600143194199 -0.25439736247062683 -0.04778479039669037 0.11562801152467728 -0.14144915342330933 -0.06523612886667252 0.07212497293949127 0.22355987131595612 0.2533705532550812 0.06106512248516083 -0.7895419001579285 0.19828934967517853 0.10290361195802689 0.055742084980010986 -0.17565681040287018 0.027737436816096306 0.06659306585788727 -0.05624151974916458 -0.016292264685034752
0.2187374383211136 0.16575953364372253 -0.19019857048988342 0.032806165516376495 -0.017334120348095894 0.31634268164634705 0.2908484935760498 0.3212214410305023 0.011002791114151478 0.2078162431716919 -0.22552579641342163 0.11411907523870468 -0.1213424876332283 0.12620314955711365 0.00437462842091918 0.0777764543890953 0.4233786165714264 0.06354113668203354 0.018509523943066597 -0.03197023645043373 0.13332343101501465 0.04046548530459404 0.014541242271661758 -0.005746522918343544 0.05778774991631508
0.13946978747844696 -0.12161196768283844 -0.02439740113914013 -0.2495281845331192 0.1746840924024582 -0.2841654121875763 -0.13938991725444794 0.08995237201452255 -0.4241541624069214 -0.18844307959079742 0.134545236825943 -0.1381705403327942 0.2035006582736969 -0.20339971780776978 -0.32327258586883545 -0.09629160165786743 0.36629965901374817 -0.05246388539671898 0.4744376838207245 -0.07891751080751419 -0.3025793135166168 -0.008369473740458488 -0.018004972487688065 0.027084752917289734 0.009799116291105747
-0.1540505588054657 -0.049979086965322495 0.07062900811433792 -0.20445936918258667 0.20818191766738892 -0.4607245624065399 0.034583814442157745 0.500706672668457 -0.049894969910383224 -0.24009519815444946 0.14316663146018982 -0.23546317219734192 0.10036969929933548 -0.14585065841674805 -0.0960414931178093 -0.10188104212284088 -0.20759980380535126 0.0805208683013916 -0.3163771331310272 0.11587024480104446 0.12856018543243408 0.02014697715640068 -0.0014662629691883922 -0.046448059380054474 -0.035364050418138504
0.3701218366622925 -0.40901026129722595 0.013872319832444191 0.2662581503391266 0.10679196566343307 0.0743226483464241 -0.07617557793855667 0.22571714222431183 0.5088555812835693 0.013860363513231277 -0.20195309817790985 0.24526347219944 0.016362372785806656 -0.06530001759529114 -0.12810096144676208 -0.07822651416063309 0.06848294287919998 -0.2487121820449829 0.057028111070394516 0.004829274024814367 0.41228994727134705 -0.041873473674058914 -0.05534939467906952 -0.07326722890138626 -0.09679228067398071
-0.12377139925956726 -0.42264172434806824 -0.1844598799943924 0.035280629992485046 0.32867059111595154 -0.15677592158317566 -0.034693945199251175 0.169056236743927 0.004542947746813297 -0.06848147511482239 -0.07369134575128555 0.09091243147850037 -0.1375914067029953 0.18545018136501312 0.04053446277976036 -0.1296997368335724 -0.10064443200826645 -0.15214934945106506 -0.09817131608724594 0.017470594495534897 0.028760584071278572 -0.015764392912387848 0.0008069116156548262 0.07332706451416016 -0.03710678592324257
0.3884158730506897 -0.1092841774225235 -0.19285538792610168 -0.22303418815135956 -0.0045893206261098385 -0.2858732342720032 0.11101660132408142 0.06597281247377396 0.17129802703857422 0.002097722375765443 -0.06556986272335052 -0.2644757330417633 0.050884541124105453 0.20974670350551605 -0.04474159702658653 -0.19825515151023865 -0.3271491229534149 -0.11639928817749023 0.05748438835144043 -0.165036141872406 -0.009147649630904198 -0.0327659547328949 -0.05520090460777283 -0.015730101615190506 -0.04224880784749985
-0.007625245489180088 -0.3745095431804657 -0.22349192202091217 -0.03935354948043823 0.10941817611455917 0.02894740365445614 -0.0493740439414978 -0.15485019981861115 0.11042216420173645 -0.10000375658273697 0.04019886627793312 -0.3930310010910034 -0.07428859174251556 -0.4219202399253845 0.16205143928527832 0.011392644606530666 0.10938794910907745 0.16588568687438965 -0.10187099128961563 -0.13933035731315613 0.19752883911132812 -0.02403259091079235 -0.03766759857535362 0.0552859790623188 0.005888630636036396
-0.22177089750766754 -0.028392719104886055 -0.1161082535982132 -0.022930245846509933 0.1926262378692627 -0.09473392367362976 -0.05950576812028885 -0.03642643243074417 0.37763866782188416 0.03560107573866844 0.048360928893089294 0.1535734087228775 -0.1332557201385498 -0.08165734261274338 0.13509909808635712 -0.29046475887298584 0.12274481356143951 0.054896388202905655 -0.12497048825025558 0.07975836098194122 -0.2167888730764389 -0.021939516067504883 -0.0055557736195623875 0.07458040118217468 -0.014316106215119362
-0.09195175021886826 -0.025684168562293053 0.8016107082366943 0.13863986730575562 -0.1674203872680664 -0.06057208776473999 -0.22220587730407715 -0.07364361733198166 0.24885053932666779 0.11885220557451248 -0.05018582567572594 -0.24645568430423737 -0.08773740381002426 0.012361308559775352 0.29862165451049805 -0.2873191833496094 -0.18093253672122955 0.0035297239664942026 0.18336862325668335 -0.1672007441520691 0.09397908300161362 0.008672316558659077 -0.0022229403257369995 0.002679207129403949 -0.055483099073171616
0.09212396293878555 0.31687840819358826 -0.040460117161273956 0.280954509973526 0.04816984757781029 0.18171975016593933 -0.25052163004875183 0.00397459464147687 -0.1477874368429184 -0.14190557599067688 0.2500460743904114 0.25881871581077576 0.16343910992145538 0.03585444390773773 0.3124017119407654 -0.25412800908088684 0.3541097640991211 0.055939607322216034 0.1618066132068634 -0.08538717031478882 -0.06482526659965515 0.001338717876933515 0.013830551877617836 -0.08323617279529572 0.016199667006731033
0.32221561670303345 0.1244124099612236 -0.057546526193618774 0.5064166188240051 -0.0018902572337538004 0.015690872445702553 0.028268054127693176 -0.172938734292984 0.18347294628620148 0.0022973043378442526 -0.01628109999001026 -0.1692158728837967 0.13422080874443054 0.07823239266872406 -0.06780276447534561 0.017834709957242012 0.18523263931274414 -0.0038822470232844353 -0.30771756172180176 -0.26664242148399353 0.14643406867980957 0.005292404908686876 0.019967518746852875 -0.020045090466737747 -0.004536246415227652
-0.10603807121515274 0.11340038478374481 -0.023783402517437935 -0.019424723461270332 -0.10505707561969757 -0.3627172112464905 -0.4191678464412689 -0.14914239943027496 0.03054940141737461 -0.49659866094589233 -0.23931795358657837 0.2667516767978668 -0.13118736445903778 0.2540671229362488 -0.24187886714935303 -0.16956408321857452 0.19976525008678436 0.03139708191156387 -0.16663679480552673 0.04666392132639885 -0.08596614003181458 0.00520710414275527 0.017365368083119392 0.00969450268894434 0.029878409579396248
-0.020111601799726486 0.08072706311941147 0.5531060695648193 0.14257825911045074 -0.018173309043049812 -0.16582074761390686 -0.3213338255882263 0.000510724144987762 0.22137440741062164 0.2565418481826782 0.22392448782920837 0.024915004149079323 0.08568011224269867 -0.1460603028535843 -0.45186281204223633 -0.19825640320777893 -0.11588466912508011 0.07600761950016022 -0.24018312990665436 0.12743419408798218 -0.1801787167787552 -0.018431631848216057 -0.034138273447752 0.029119454324245453 -0.04488806053996086
0.042876601219177246 -0.21420828998088837 0.4676094353199005 0.3325892388820648 -0.3262310028076172 -0.2545151114463806 0.337719589471817 0.14621777832508087 0.09007775783538818 0.04282739758491516 0.27296537160873413 0.12524759769439697 0.35219648480415344 -0.004495405592024326 0.20222216844558716 0.043854229152202606 0.01770654320716858 -0.1567957103252411 -0.011866726912558079 0.29440876841545105 0.02254319377243519 0.008642035536468029 -0.009226901456713676 -0.025406338274478912 -0.07554344087839127
0.20821420848369598 0.13287164270877838 -0.0790046900510788 0.089654840528965 -0.004686987027525902 -0.1674433946609497 0.05536384880542755 -0.45659834146499634 0.2323690503835678 -0.09689690917730331 -0.20216214656829834 0.13025806844234467 -0.10512760281562805 -0.49658510088920593 0.39590874314308167 0.025940241292119026 0.19082927703857422 -0.051939886063337326 0.14172443747520447 0.4714227318763733 0.15168708562850952 0.008764521218836308 0.05554550513625145 -0.001263946178369224 -0.04370926693081856
-0.02174304611980915 0.1008593887090683 -0.12161196768283844 0.051684945821762085 0.10845513641834259 -0.499074786901474 0.09301362186670303 0.11409146338701248 -0.2304847538471222 0.128787100315094 0.030931785702705383 -0.3629872798919678 -0.2911020815372467 -0.2556754946708679 0.08111540973186493 0.1396898627281189 -0.13181407749652863 0.11545676738023758 0.10519267618656158 0.1038326546549797 -8.496337977703661e-05 -0.00013827266229782254 0.02756291814148426 0.08966970443725586 -0.02020534873008728
0.07837582379579544 -0.3419382870197296 0.15183772146701813 -0.06448107957839966 -0.006679540500044823 -0.2729004919528961 -0.05856621265411377 0.08782005310058594 0.1145239993929863 -0.48733261227607727 -0.11136304587125778 0.15231949090957642 -0.1363035887479782 0.09785308688879013 -0.04519984498620033 -0.1168278157711029 -0.025122283026576042 -0.03524838387966156 0.20892058312892914 0.24252712726593018 -0.1282976120710373 -0.031930599361658096 -0.02170453779399395 0.03570788726210594 -0.02034013159573078
0.19773726165294647 0.05179153010249138 -0.1134289875626564 -0.027434077113866806 0.08986645191907883 -0.074999138712883 -0.41875937581062317 0.3778683841228485 0.09859850257635117 0.5196759700775146 -0.26552194356918335 -0.05336913838982582 0.24603261053562164 0.018088895827531815 0.21207518875598907 0.18989688158035278 -0.3386361598968506 0.002318390179425478 0.1648070365190506 0.027274467051029205 0.05441722646355629 -0.0046844640746712685 0.004718041978776455 0.04236793890595436 -0.027879897505044937
0.11119739711284637 0.0738665834069252 0.03108920156955719 -0.1574373096227646 0.06403646618127823 0.23944132030010223 -0.33237576484680176 -0.2597457766532898 -0.19207456707954407 0.17009520530700684 0.44309356808662415 -0.0013105132384225726 -0.1344394087791443 -0.04225080832839012 0.06794454902410507 -0.04769250005483627 0.12355484813451767 0.17185840010643005 0.06879077106714249 0.0780436098575592 -0.04708045721054077 -0.02825489267706871 0.010262803174555302 0.07609307020902634 0.020400166511535645
-0.3024245798587799 -0.12214992195367813 0.02783338539302349 -0.01951463706791401 -0.18327875435352325 -0.12709705531597137 -0.16777680814266205 0.05610490217804909 0.13482174277305603 -0.43649742007255554 0.022141752764582634 -0.08468203246593475 0.062091875821352005 0.10918708890676498 -0.04888641834259033 -0.053130440413951874 -0.09886633604764938 -0.08117895573377609 0.14550428092479706 0.015190400183200836 0.3789944350719452 -0.009991690516471863 -0.005904059857130051 -0.05216551199555397 -0.009983062744140625
0.07907630503177643 -0.040913134813308716 -0.1692148894071579 0.03042515367269516 -0.18551751971244812 -0.10632184892892838 -0.020589498803019524 0.14020325243473053 -0.031743332743644714 -0.4652022421360016 0.2412058711051941 -0.05933700129389763 0.02950337529182434 0.0045296321623027325 -0.05182398855686188 0.23175206780433655 -0.20770995318889618 0.16588197648525238 -0.02558097429573536 -0.3433481752872467 -0.36592933535575867 -0.03594815358519554 -0.024720678105950356 0.00355694442987442 -0.05316657945513725
0.3425174653530121 0.15550321340560913 -0.13666070997714996 -0.18814153969287872 0.2139887660741806 0.2897915542125702 -0.07772224396467209 -0.19534868001937866 -0.3917437493801117 0.1578790247440338 -0.05641969293355942 -0.12849238514900208 0.2932952046394348 0.20399126410484314 0.1136045828461647 0.1059827208518982 0.002135844435542822 -0.17127564549446106 -0.41623687744140625 0.3863595128059387 -0.05955715849995613 -0.005523122847080231 -0.030909016728401184 -0.06797578185796738 0.030928077176213264
-0.028332345187664032 0.22988328337669373 -0.04472356662154198 -0.057333193719387054 -0.17647099494934082 0.09707815200090408 0.14664964377880096 -0.20764844119548798 -0.33838745951652527 0.20036712288856506 -0.1922636479139328 -0.05859426036477089 -0.2722179591655731 -0.2718130350112915 -0.1296846717596054 -0.2724561393260956 0.036604154855012894 0.1726410835981369 0.11832359433174133 0.08431283384561539 -0.028832513839006424 0.0026992494240403175 0.020549021661281586 0.031716812402009964 0.025048797950148582
0.03688718378543854 -0.27195295691490173 -0.3639828562736511 0.08102434873580933 -0.3540784418582916 -0.38907623291015625 -0.031912676990032196 0.1478659063577652 -0.32937440276145935 -0.21692392230033875 -0.16294635832309723 -0.1319441795349121 -0.024749325588345528 0.13186602294445038 0.08063651621341705 -0.21404093503952026 -0.10536836087703705 0.1930428445339203 0.02989410236477852 -0.14419610798358917 0.22369199991226196 -0.010425862856209278 -0.021945565938949585 0.007335076108574867 -0.03199100121855736
0.07125623524188995 -0.1455426663160324 -0.06908099353313446 0.2550053894519806 0.2930545210838318 0.39067190885543823 -0.0019961788784712553 -0.1324831247329712 -0.046091653406620026 -0.14505846798419952 0.09606459736824036 -0.41854536533355713 -0.01349550299346447 0.07116691023111343 0.03188112750649452 -0.22553426027297974 -0.4268328547477722 -0.2425989955663681 -0.241395503282547 0.41268911957740784 -0.031332943588495255 0.0077905855141580105 -0.03908219188451767 0.06160426512360573 0.020303133875131607
0.3746987581253052 0.17917267978191376 -0.09112955629825592 0.36257705092430115 -0.14596037566661835 0.10416823625564575 0.26803863048553467 0.04469674080610275 -0.2655206620693207 0.13372674584388733 -0.1541958451271057 0.04627520591020584 -0.08122680336236954 -0.04470394179224968 -0.14566530287265778 -0.11364644765853882 -0.3535650074481964 -0.06376121938228607 0.17760342359542847 0.18263359367847443 0.07092002779245377 -0.031768497079610825 -0.008504082448780537 -0.05780845135450363 -0.04498063400387764
0.1228725016117096 -0.11327157914638519 0.12913724780082703 0.5962420105934143 -0.02034796215593815 -0.14998659491539001 -0.006297716870903969 0.04555744305253029 0.13091430068016052 -0.20441384613513947 0.30825895071029663 0.13831596076488495 0.1815793514251709 -0.38434407114982605 -0.03819317743182182 0.14239229261875153 -0.3359157145023346 -0.1583092212677002 0.25502336025238037 -0.06856503337621689 -0.007894775830209255 -0.015734296292066574 0.020520569756627083 -0.030328992754220963 -0.07121990621089935
0.05635674297809601 -0.04963485151529312 -0.07829966396093369 0.11422484368085861 0.03740197792649269 0.07218804210424423 -0.04876003786921501 -0.28618019819259644 -0.08430065214633942 0.24582962691783905 -0.05780062451958656 0.014953821897506714 -0.3814314305782318 0.2501039505004883 -0.1437259018421173 -0.003851601853966713 -0.16126224398612976 0.06496952474117279 0.004922937136143446 -0.09857979416847229 -0.06470319628715515 -0.007113028317689896 0.02231471799314022 0.021501237526535988 0.014748018234968185
0.041299011558294296 0.2897935211658478 0.019319433718919754 -0.05975937470793724 -0.14940617978572845 0.2801033854484558 0.09258974343538284 0.06593155860900879 -0.08120580017566681 0.2906111776828766 0.2899894416332245 -0.09866800159215927 0.35889506340026855 0.07404198497533798 0.11505353450775146 -0.14634689688682556 0.221010223031044 -0.02368820644915104 -0.2402511090040207 0.0033715013414621353 0.005902154371142387 0.025841593742370605 0.01386763621121645 -0.025613905861973763 0.037750791758298874
-0.0827157199382782 0.07915326207876205 -0.25576794147491455 -0.1976240873336792 -0.21007154881954193 0.15911656618118286 -0.14474456012248993 -0.01367856189608574 -0.08955268561840057 0.03846723958849907 -0.3260898292064667 0.12322007119655609 0.17597918212413788 -0.3735949695110321 0.049606017768383026 0.032724179327487946 0.09235192835330963 -0.08818696439266205 -0.017054473981261253 -0.14637444913387299 -0.01386940386146307 -0.0187678299844265 0.005486346315592527 -0.017410438507795334 -0.011570221744477749
-0.17644385993480682 -0.40310221910476685 -0.1967940330505371 -0.0883975625038147 0.03270326182246208 0.40762758255004883 -0.13931196928024292 0.17249099910259247 0.12941661477088928 0.02937943860888481 0.03640737012028694 0.15757425129413605 0.034420035779476166 0.16978336870670319 -0.20178429782390594 0.25013089179992676 0.3930237591266632 0.013792087323963642 -0.0342295877635479 0.07068571448326111 -0.22686529159545898 -0.020688017830252647 -0.0458131842315197 0.12419767677783966 0.09438934922218323
0.2461617887020111 -0.016730735078454018 -0.0031901609618216753 0.29496169090270996 0.09369131922721863 -0.2744142413139343 -0.11548774689435959 -0.19023707509040833 -0.20526745915412903 0.4417470097541809 -0.06339104473590851 0.19647613167762756 -0.23235002160072327 -0.16382154822349548 -0.08234577625989914 -0.044115036725997925 0.16272521018981934 0.5078333020210266 -0.11412853747606277 0.1385321021080017 0.03140248730778694 0.004621871747076511 0.02289918065071106 0.02211853489279747 0.03061545081436634
-0.08925838768482208 -0.2617329955101013 0.2782188057899475 -0.046507012099027634 0.17024049162864685 -0.022654781118035316 0.32650530338287354 -0.12087210267782211 -0.09414055943489075 0.1654074639081955 -0.12847748398780823 -0.36204448342323303 0.19456987082958221 -0.3720158040523529 -0.32701295614242554 0.008945954963564873 0.0017421646043658257 0.07060898840427399 -0.12352446466684341 0.24052059650421143 0.3458711504936218 -0.011495721526443958 -0.021327270194888115 0.09157732874155045 -0.020267199724912643
-0.0594489760696888 -0.2602141499519348 -0.3338426649570465 -0.08035103976726532 0.1841292530298233 -0.01002159807831049 0.0026201552245765924 0.22428619861602783 -0.0641065314412117 -0.42768236994743347 0.03619542717933655 -0.017562709748744965 -0.02102355845272541 0.21373915672302246 0.12215439230203629 -0.24117140471935272 -0.09224967658519745 -0.02560507506132126 0.16503047943115234 0.03111620433628559 0.04966157302260399 0.00605255039408803 0.01668250374495983 -0.045990824699401855 0.008944280445575714
0.0967390313744545 0.1253480762243271 -0.1283406764268875 0.023477762937545776 0.18212902545928955 0.10516644269227982 0.06858056038618088 0.20288538932800293 0.19138938188552856 0.2680149972438812 0.04775772616267204 -0.02209794893860817 0.09306836873292923 0.1965695470571518 0.10536212474107742 -0.07267077267169952 -0.0043483152985572815 -0.04067346826195717 0.12123113870620728 0.28830039501190186 0.09397883713245392 0.05123606696724892 0.005740526597946882 -0.0092330202460289 0.05384190380573273
0.031459346413612366 0.30887842178344727 0.05818691477179527 0.05319433659315109 0.2797447443008423 0.49767056107521057 0.06827105581760406 -0.1026025041937828 0.027749596163630486 0.028532924130558968 -0.10671771317720413 0.12691470980644226 -0.026507088914513588 -0.20562192797660828 0.02210857719182968 -0.16532327234745026 -0.34687021374702454 0.16016395390033722 0.07718843966722488 -0.07000960409641266 0.16229835152626038 -0.013226665556430817 0.0037777230609208345 0.03056088089942932 0.0013696912210434675
bias 0.10926120728254318 0.2645810544490814 0.074528768658638 -0.020772095769643784 0.05481055751442909 0.11275575309991837 -0.12020288407802582 0.004288452211767435 -0.008893935941159725 0.013853554613888264 -0.05763212591409683 -0.2093220055103302 -0.3127096891403198 -0.17637622356414795 0.16776718199253082 0.16750654578208923 0.1417267620563507 -0.18471409380435944 0.20412984490394592 -0.16557073593139648 -0.0010992625029757619 0.20098844170570374 -0.07756444811820984 -0.07522924244403839 -0.1270981878042221 -0.015448132529854774 0.17622457444667816 0.31780990958213806 0.04590809717774391 -0.04525221139192581 -0.12737324833869934 -0.26773014664649963 -0.0517638698220253 0.10608428716659546 -0.1034829318523407 -0.19894462823867798 0.05460390821099281 0.2995093762874603 -0.13451825082302094 -0.14957119524478912 0.09003517776727676 0.012388686649501324 0.03690090775489807 0.023647833615541458 -0.030341455712914467 0.10927031189203262 -0.10344485193490982 -0.039948299527168274 -0.057319723069667816 0.002086022635921836 -0.03792319819331169 -0.21145592629909515 0.2263830602169037 0.2417261302471161 0.11824538558721542 0.11949420720338821 -0.08474269509315491 0.04431069642305374 -0.2436957061290741 -0.012602654285728931 -0.04243007302284241 0.15904584527015686 -0.0951765701174736 0.1693597286939621
layer 64 64 tanh
0.23008856177330017 -0.24099861085414886 -0.21870003640651703 0.4796600937843323 -0.11307144165039062 -0.17147178947925568 -0.30538344383239746 -0.2924351096153259 0.18410752713680267 0.2720809280872345 -0.017720768228173256 -0.03418664634227753 0.05130527541041374 0.10705719888210297 -0.33730727434158325 0.192070871591568 0.05710769444704056 -0.034116677939891815 0.1989106982946396 0.062127768993377686 0.2509288787841797 0.11959805339574814 -0.0027423629071563482 -0.38976186513900757 -0.354641854763031 0.016590891405940056 -0.12874478101730347 -0.3124299645423889 0.1799580454826355 0.12280287593603134 0.028393220156431198 -0.17002563178539276 0.051542043685913086 -0.04972440004348755 -0.13506358861923218 -0.08424907177686691 0.11834697425365448 -0.14149850606918335 -0.050231385976076126 -0.24339860677719116 -0.2373068779706955 0.16401226818561554 -0.030548399314284325 -0.22393068671226501 -0.2582395076751709 0.08165449649095535 0.021652478724718094 0.046035099774599075 -0.34304341673851013 0.29365435242652893 0.10846611857414246 -0.014159031212329865 -0.12668755650520325 -0.03338033705949783 -0.10991842299699783 -0.22559595108032227 0.30376118421554565 0.17213967442512512 -0.22649089992046356 0.18645356595516205 0.18565990030765533 -0.5085984468460083 0.09696223586797714 0.011747646145522594
0.016510672867298126 -0.41169020533561707 0.12879225611686707 -0.3201838433742523 0.18654175102710724 0.09321709722280502 0.2099345624446869 -0.12984605133533478 0.12386816740036011 0.2330479472875595 -0.07046851515769958 -0.10596244782209396 0.14176462590694427 0.16310986876487732 0.0848449170589447 -0.05114058032631874 0.17613494396209717 -0.15785624086856842 0.09780289977788925 0.06883649528026581 -0.23647485673427582 0.07725052535533905 0.09119552373886108 -0.11040093004703522 -0.08131499588489532 -0.19727571308612823 -0.1905696541070938 -0.08829879015684128 -0.22097499668598175 0.2115558534860611 0.07594248652458191 -0.3490601181983948 0.3269535005092621 -0.0690683051943779 -0.20663666725158691 0.2554819881916046 0.15259362757205963 0.01617308147251606 0.05356825888156891 0.5212364792823792 0.1307373046875 -0.04657195881009102 0.09614672511816025 -0.09618222713470459 0.025501154363155365 0.12053950875997543 -0.1879487931728363 0.04025185480713844 -0.04781656339764595 0.1995556503534317 0.15682832896709442 -0.11297181993722916 0.043556202203035355 -0.18857169151306152 0.013891100883483887 0.08480952680110931 -0.2526395618915558 -0.12009869515895844 0.3355213701725006 0.269458144903183 0.007332388777285814 -0.2416336089372635 0.059714555740356445 -0.01754666119813919
0.00980918388813734 -0.2258344292640686 -0.38948875665664673 -0.33539146184921265 -0.10126413404941559 -0.12650176882743835 0.030553068965673447 0.2374596744775772 0.040766727179288864 -0.102756068110466 -0.03334997966885567 0.11962254345417023 0.0389350950717926 -0.21882817149162292 0.04145409166812897 0.236776202917099 -0.1976923793554306 0.4661184549331665 0.10329464077949524 -0.2084115892648697 -0.06501631438732147 0.25318753719329834 0.2900909185409546 -0.005087757483124733 0.28244179487228394 0.12638114392757416 0.07032288610935211 -0.11250650137662888 -0.14656564593315125 -0.1236819475889206 0.06251737475395203 -0.11030322313308716 0.05913911387324333 0.20081616938114166 0.11283189058303833 0.08291266858577728 -0.08608002215623856 0.07294222712516785 0.4229540228843689 0.1360357254743576 0.23406799137592316 0.015504841692745686 -0.04104364290833473 -0.13535936176776886 0.10283355414867401 -0.0396900437772274 0.17157688736915588 -0.20715011656284332 -0.03509094566106796 -0.5316601395606995 0.12566615641117096 0.23079045116901398 0.24600720405578613 -0.02622663602232933 0.4469054341316223 -0.06555438041687012 0.13115286827087402 -0.2267848700284958 -0.45406779646873474 0.3449424207210541 -0.022809254005551338 -0.17347988486289978 -0.33898448944091797 0.059439174830913544
-0.06483673304319382 0.07738590985536575 -0.01839371956884861 0.016805361956357956 0.052930425852537155 0.3757125437259674 -0.1614263504743576 0.08785948902368546 -0.2671775221824646 -0.1512252539396286 -0.20896989107131958 0.006516165565699339 0.11110001057386398 0.06330252438783646 0.33623674511909485 0.3451125919818878 0.26047492027282715 -0.0292779840528965 0.025857238098978996 0.07047037780284882 -0.007618776522576809 0.06075390428304672 0.03784262388944626 -0.17718975245952606 -0.22290080785751343 -0.3656860291957855 0.0845220535993576 -0.193942129611969 -0.12766766548156738 -0.01355496235191822 0.05919632315635681 -0.18518134951591492 0.0752834677696228 0.25453898310661316 0.17792224884033203 0.4866331219673157 0.08897338062524796 -0.3790304660797119 -0.044695403426885605 -0.17879725992679596 -0.29775142669677734 -0.30425360798835754 0.010708888061344624 0.20108532905578613 0.29699069261550903 0.1667560636997223 -0.04097320884466171 0.1453011929988861 0.008558057248592377 -0.10502143204212189 0.01252345833927393 -0.08391549438238144 0.0784786120057106 0.1408499777317047 0.31036433577537537 -0.07531954348087311 0.02078949101269245 -0.21325521171092987 -0.07046821713447571 -0.07914304733276367 0.127015620470047 0.4739226996898651 0.1404024362564087 0.034036509692668915
0.5075625777244568 0.05642888322472572 0.21993623673915863 0.0654655396938324 0.11077206581830978 0.038240112364292145 -0.023172607645392418 0.0717969536781311 -0.008569648489356041 -0.0024597274605184793 -0.28061848878860474 -0.02823466621339321 0.3032276928424835 0.011382559314370155 0.04295365884900093 -0.20061443746089935 -0.03191481903195381 0.1387712061405182 -0.053590092808008194 0.3153393566608429 -0.31722724437713623 -0.09909071773290634 0.06293326616287231 0.18310555815696716 0.08768698573112488 0.34090369939804077 0.04770943522453308 -0.23154889047145844 0.05048339441418648 0.005533951334655285 0.23069261014461517 -0.221628800034523 0.050016120076179504 -0.2437102347612381 -0.0041753374971449375 0.14156660437583923 -0.08740951120853424 -0.21040579676628113 -0.06333436071872711 -0.0016887281090021133 -0.31294605135917664 0.1443871706724167 0.15943561494350433 -0.20161841809749603 0.11886394768953323 -0.3809295892715454 0.15139701962471008 -0.07081814110279083 -0.49890053272247314 0.22965052723884583 -0.18770438432693481 -0.026533013209700584 -0.06394372880458832 0.18368050456047058 0.1549409180879593 -0.1615883857011795 0.09520640969276428 -0.07605838775634766 0.3542387783527374 0.11022579669952393 -0.00835396908223629 0.34988224506378174 0.12206093221902847 0.14027781784534454
-0.004805968143045902 0.13592158257961273 -0.04303659871220589 0.33522242307662964 0.021700050681829453 0.01944977231323719 0.09534180909395218 -0.19125330448150635 0.08949992805719376 -0.2838957607746124 -0.20207108557224274 -0.10307097434997559 0.060638777911663055 -0.15031647682189941 -0.14331305027008057 0.35389038920402527 -0.33379217982292175 -0.3586024343967438 -0.03935752063989639 0.13663363456726074 0.11970562487840652 0.10016757249832153 0.42679768800735474 -0.05820925533771515 0.16165800392627716 -0.07868650555610657 -0.17402508854866028 0.16488005220890045 0.017126446589827538 -0.2277883142232895 -0.17391341924667358 0.19607660174369812 -0.07037709653377533 0.00046432248200289905 -0.4832513928413391 0.019923726096749306 0.027518155053257942 0.25740042328834534 0.30559301376342773 -0.17882585525512695 0.1428515911102295 -0.12286534905433655 -0.1035434901714325 0.17966003715991974 0.06146979704499245 0.2869594693183899 0.10152650624513626 -0.008352545090019703 -0.04729217663407326 -0.17713744938373566 -0.18719784915447235 0.09570454061031342 0.1654786318540573 0.18250685930252075 0.29041802883148193 0.10009310394525528 -0.3583477735519409 -0.03615124523639679 -0.09489224851131439 -0.2523350119590759 0.16379596292972565 0.15293890237808228 0.01694134809076786 0.09303216636180878
0.19506970047950745 0.2074243724346161 0.11104191094636917 0.17559941112995148 0.0488484688103199 0.11335165798664093 -0.35988590121269226 0.17617014050483704 0.04804885387420654 -0.09106624871492386 0.1290229707956314 0.41804730892181396 -0.030642233788967133 0.26362478733062744 -0.42530277371406555 -0.6641598343849182 0.26093995571136475 -0.09982502460479736 0.040857985615730286 -0.40957167744636536 -0.0868314579129219 -0.2583272457122803 0.05298429727554321 -0.038354940712451935 -0.20957519114017487 -0.29649120569229126 0.14080092310905457 0.2942976653575897 0.03654767945408821 -0.01817268133163452 0.08754798769950867 -0.4724488854408264 -0.5643640160560608 -0.09544014185667038 -0.271300733089447 -0.16478891670703888 -0.5042874217033386 -0.17611315846443176 -0.10912089049816132 -0.15271325409412384 -0.3439134955406189 0.024510446935892105 0.3740609288215637 0.21051311492919922 -0.16410823166370392 0.20301322638988495 0.12233668565750122 -0.10088023543357849 0.058527909219264984 0.0961238369345665 0.41883155703544617 0.16239675879478455 -0.05317966267466545 -0.014928446151316166 0.03327350318431854 0.31794455647468567 0.16004569828510284 0.3287912905216217 -0.3002655506134033 0.3031385540962219 -0.023446356877684593 0.04063563048839569 -0.26589006185531616 0.32053905725479126
0.0001527015119791031 -0.02764233388006687 -0.20368556678295135 -0.11619161814451218 0.18710313737392426 0.0869213417172432 -0.18646226823329926 -0.0660339817404747 -0.15251024067401886 0.1739286333322525 -0.34266892075538635 -0.10841283202171326 -0.31444576382637024 -0.05205755680799484 0.003353400155901909 -0.2346271276473999 0.08341027051210403 0.04350493848323822 -0.06058303639292717 0.03400417044758797 -0.08707452565431595 0.005950077436864376 0.0982227623462677 -0.15167944133281708 0.01320449449121952 0.26606547832489014 0.14495204389095306 0.394839346408844 -0.19172403216362 0.027155987918376923 -0.4056697487831116 0.08615509420633316 0.06973793357610703 -0.05221722275018692 0.2059180736541748 0.1772330105304718 -0.04187563806772232 -0.21753047406673431 0.046844229102134705 0.0989350825548172 -0.18468177318572998 -0.17218464612960815 0.1613822877407074 0.03906147554516792 -0.31554827094078064 -0.055732838809490204 -0.2384396493434906 0.10619441419839859 0.39333561062812805 0.12162044644355774 -0.054156601428985596 0.38963645696640015 -0.08963095396757126 0.5190887451171875 0.09532900899648666 0.08392634987831116 -0.17421741783618927 0.07745098322629929 -0.2195662260055542 0.30504661798477173 0.23654158413410187 -0.03522282466292381 -0.17784853279590607 -0.27272364497184753
-0.14579899609088898 0.015020636841654778 -0.06788535416126251 0.06488656252622604 0.1547565460205078 -0.441448837518692 -0.01878422498703003 -0.1775953769683838 0.1255912184715271 -0.15574873983860016 0.29280000925064087 0.03860093653202057 0.20963501930236816 0.14160960912704468 -0.1593821495771408 -0.39410701394081116 -0.015726730227470398 -0.3328021168708801 0.25235554575920105 0.05780578777194023 -0.26435813307762146 0.31296202540397644 0.1503230184316635 -0.432818204164505 0.20277391374111176 -0.19241128861904144 0.04608585312962532 -0.05321183055639267 -0.010705798864364624 -0.33119121193885803 -0.21742114424705505 0.049147289246320724 -0.11954222619533539 -0.004377221222966909 0.09030215442180634 0.017044220119714737 0.05599234625697136 0.1165388971567154 -0.031552765518426895 -0.2805938422679901 -0.10730812698602676 -0.031204385682940483 0.1808742731809616 -0.06738774478435516 0.13997697830200195 -0.18386264145374298 -0.20292359590530396 -0.0970415249466896 -0.34527212381362915 0.20607571303844452 0.3106044828891754 -0.06429044157266617 0.13884399831295013 0.07274457067251205 -0.0874677374958992 0.03198879212141037 0.2227603942155838 0.2573345899581909 0.10260643810033798 0.07892338931560516 -0.21993649005889893 0.20868226885795593 0.12004227936267853 -0.1282237023115158
-0.036488696932792664 -0.16075226664543152 -0.026633355766534805 0.03675093129277229 -0.16690891981124878 -0.1765907257795334 -0.3586525022983551 0.12131641805171967 0.10077910125255585 -0.10204263031482697 -0.0640982836484909 0.08227410912513733 -0.19922024011611938 0.10385330766439438 -0.31746241450309753 -0.04186469316482544 0.3225245177745819 0.030767615884542465 0.37520918250083923 0.39589330554008484 -0.10766051709651947 -0.33292505145072937 -0.10147120803594589 0.02067922241985798 -0.49436885118484497 0.34962689876556396 -0.030196601524949074 0.11564171314239502 -0.27670660614967346 0.0824756771326065 0.1375676840543747 -0.3168674111366272 -0.1227937564253807 0.25696590542793274 0.06801292300224304 0.31373345851898193 0.12874071300029755 0.0016663490096107125 -0.25504085421562195 0.01753896102309227 0.035857729613780975 0.30822351574897766 -0.005990401841700077 0.4512973427772522 -0.2864763140678406 -0.12085434794425964 0.11893270909786224 0.17339618504047394 -0.1134212538599968 -0.3228687047958374 -0.2918350100517273 0.012045549228787422 0.03901296854019165 -0.25927355885505676 -0.1865445226430893 0.35976067185401917 0.03070368990302086 0.06976084411144257 0.27732735872268677 -0.3598802387714386 -0.2392011284828186 0.24553658068180084 -0.10303705930709839 -0.3347151577472687
0.12321509420871735 0.03121240995824337 0.16265089809894562 -0.24747313559055328 -0.37451863288879395 0.19301077723503113 0.4595104455947876 0.14744172990322113 0.08970418572425842 0.1637754589319229 -0.1037207692861557 0.06520847231149673 -0.09031136333942413 0.18650312721729279 -0.07577914744615555 -0.014470603317022324 0.11386771500110626 0.20721568167209625 -0.37885239720344543 0.1338341385126114 -0.004019379150122404 0.020261697471141815 0.22885072231292725 -0.09577452391386032 -0.296602725982666 0.04106641933321953 0.19986630976200104 -0.14640377461910248 -0.17284458875656128 -0.07368708401918411 -0.0838385596871376 -0.05981237813830376 -0.22041435539722443 0.03140562027692795 -0.04597071558237076 -0.19484195113182068 0.18003541231155396 0.04843210428953171 0.13235630095005035 -0.023367345333099365 0.11115382611751556 0.07921752333641052 0.29606151580810547 0.1446872055530548 -0.037415098398923874 -0.05790911242365837 -0.15008026361465454 0.10769005864858627 0.030541863292455673 -0.19088198244571686 0.3535154461860657 0.6167877316474915 -0.07858926802873611 0.09746607393026352 0.26245641708374023 -0.1992717832326889 -0.18353495001792908 0.50673508644104 -0.299929141998291 -0.18921279907226562 -0.11179587990045547 0.10588055104017258 0.04162226617336273 0.09771799296140671
0.08724376559257507 0.21405029296875 0.2969990670681 -0.15323516726493835 -0.20121775567531586 0.15943187475204468 -0.094105564057827 -0.28037306666374207 -0.0033248907420784235 -0.17249499261379242 0.005952243693172932 -0.3262547254562378 0.14409330487251282 0.1849854439496994 0.061410244554281235 0.24510328471660614 0.018547406420111656 -0.1808689385652542 -0.09132818877696991 -0.2959977090358734 -0.043388497084379196 0.07329829782247543 -0.4971344769001007 -0.27165040373802185 0.27459627389907837 0.08675574511289597 -0.20234866440296173 0.03943996503949165 -0.24143841862678528 -0.05688777193427086 0.09872422367334366 -0.12453021109104156 0.2299705445766449 0.0008783758385106921 -0.00015107786748558283 0.13275834918022156 0.2950682044029236 0.19534052908420563 0.12067696452140808 -0.03727654367685318 -0.17550760507583618 0.18320642411708832 0.026202591136097908 0.016121599823236465 0.1883053481578827 0.03642367199063301 -0.00031970307463780046 -0.17779213190078735 0.07974190264940262 -0.19185496866703033 -0.3561176061630249 0.08216047286987305 0.0876980572938919 0.06208324059844017 -0.14983293414115906 -0.2638430893421173 -0.003659570124000311 0.15583904087543488 -0.17328567802906036 0.2709767818450928 0.1097477376461029 0.1163119226694107 -0.011349399574100971 0.03041103482246399
-0.04118300601840019 0.420543372631073 -0.028006484732031822 0.07787724584341049 -0.37236690521240234 0.04692818596959114 -0.28026044368743896 0.05487838014960289 -0.04296797513961792 0.2703545093536377 -0.21868084371089935 -0.08825795352458954 0.04535221308469772 -0.07332709431648254 -0.2834661602973938 -0.0892150029540062 -0.053649209439754486 -0.291835218667984 0.10468298196792603 -0.00783508736640215 0.07242832332849503 0.574899435043335 0.08191805332899094 0.1758148968219757 0.10319945216178894 0.2137714922428131 0.10087030380964279 -0.16688594222068787 0.04099489003419876 0.4802122414112091 0.04493743181228638 -0.0391186848282814 0.09683123230934143 -0.008616703562438488 0.17707262933254242 0.10227367281913757 -0.10517984628677368 0.1663709282875061 0.02635066770017147 0.16309919953346252 -0.06915383040904999 -0.43969103693962097 0.12808118760585785 -0.010428596287965775 0.0822787806391716 0.0844571441411972 -0.03839286416769028 0.3744684159755707 0.09554751962423325 0.05236620455980301 -0.21277165412902832 0.3088166117668152 0.2359565943479538 -0.29043057560920715 0.2843698561191559 0.07845951616764069 0.007374749518930912 0.027794664725661278 -0.06975800544023514 -0.1523759812116623 -0.22550971806049347 0.23265433311462402 0.20356854796409607 -0.06413258612155914
-0.09346229583024979 -0.2522232234477997 0.2714254558086395 -0.14041107892990112 0.15771706402301788 0.11991047114133835 0.0003862514568027109 -0.019412918016314507 0.0020824880339205265 0.04314349964261055 0.22178229689598083 0.37109649181365967 -0.17513373494148254 -0.0072219492867589 0.04312635585665703 0.07128479331731796 -0.1658685952425003 -0.1527128517627716 -0.1032232716679573 0.20301757752895355 -0.07996008545160294 0.0826048031449318 -0.19155661761760712 0.13115592300891876 -0.04713704064488411 -0.08783275634050369 -0.012355578131973743 -0.05848846957087517 0.295698344707489 -0.009340345859527588 -0.35511451959609985 -0.04439759626984596 -0.25415802001953125 0.21326994895935059 0.018727758899331093 -0.06666722893714905 0.039712317287921906 0.08276162296533585 -0.117987722158432 -0.42424631118774414 0.42300862073898315 -0.0022923911456018686 -0.008471506647765636 -0.14571186900138855 0.08075857162475586 0.033247802406549454 -0.08850991725921631 0.07123493403196335 -0.1292235553264618 -0.3520069420337677 -0.08467865735292435 0.13804128766059875 0.2382526397705078 0.10271910578012466 0.09964992105960846 0.13757595419883728 0.09854219108819962 -0.23342561721801758 0.28443601727485657 0.5844007730484009 0.5340501070022583 -0.04241997003555298 0.22975608706474304 0.21517974138259888
-0.1871023178100586 0.3822624087333679 0.07714609056711197 -0.12064008414745331 -0.029191618785262108 -0.19378864765167236 0.029181208461523056 0.11718343198299408 0.21417619287967682 0.10039243847131729 -0.21982000768184662 0.03650538995862007 0.1326005756855011 -0.05857609584927559 0.0011950295884162188 -0.06520392000675201 0.0322861485183239 0.4269492030143738 -0.00810943078249693 0.13579456508159637 0.3354880213737488 -0.25760385394096375 -0.07113198935985565 0.1997842937707901 0.030023664236068726 -0.380250483751297 0.2313997596502304 0.11258909106254578 0.17950399219989777 -0.3100023567676544 -0.13501621782779694 -0.09729600697755814 0.19409698247909546 0.04562050849199295 -0.1721377819776535 0.04109664633870125 0.01096146460622549 0.079057976603508 -0.07134296745061874 -0.13578970730304718 0.01936345547437668 -0.036520764231681824 -0.02606630139052868 0.2818303406238556 -0.20722506940364838 -0.024094074964523315 -0.2968711853027344 0.2069316804409027 -0.1709652841091156 -0.023627296090126038 -0.13141576945781708 -0.13799309730529785 0.2802899479866028 0.08493330329656601 0.0960589349269867 -0.31306424736976624 -0.34885334968566895 -0.2919941842556 -0.059700462967157364 0.4367204010486603 -0.054601747542619705 0.011258663609623909 -0.05499279871582985 0.09500891715288162
-0.13738416135311127 -0.07469815760850906 -0.022791335359215736 0.13934537768363953 0.4095301926136017 -0.06364211440086365 0.08994804322719574 0.18110257387161255 -0.23133985698223114 -0.21847209334373474 -0.10637222230434418 -0.14053483307361603 -0.06617334485054016 -0.043842267245054245 -0.24659645557403564 -0.04533408582210541 -0.3711791932582855 -0.07515761256217957 0.017349064350128174 -0.21736615896224976 0.15273772180080414 -0.16200587153434753 0.08416182547807693 -0.11839279532432556 -0.08217575401067734 -0.14615172147750854 -0.4074660837650299 -0.22662070393562317 -0.08529950678348541 0.25663161277770996 0.17671242356300354 0.25572511553764343 0.41608643531799316 0.4244515895843506 0.22697025537490845 -0.32613036036491394 0.1680709272623062 0.09545855969190598 0.2272956669330597 0.20329271256923676 0.32478848099708557 0.4208701550960541 0.05256316065788269 -0.24451537430286407 0.08919452130794525 -0.029755262657999992 -0.41757768392562866 0.17711141705513 0.021768007427453995 -0.027040870860219002 -0.22912167012691498 0.15602104365825653 -0.07435892522335052 0.08595313131809235 0.03168857842683792 0.024776939302682877 -0.08439063280820847 -0.2934691607952118 -0.17720800638198853 -0.035663947463035583 -0.18345266580581665 0.26755478978157043 0.020759018138051033 0.24590441584587097
0.4579693078994751 -0.28640222549438477 -0.24351632595062256 0.18016253411769867 0.05115685239434242 -0.03791317343711853 0.09667323529720306 -0.09487304836511612 -0.07488694787025452 0.08911392092704773 -0.09361961483955383 0.11978491395711899 0.10078094154596329 -0.15153278410434723 -0.29222628474235535 -0.008670546114444733 0.0003371833299752325 -0.31890150904655457 0.15318728983402252 -0.15493476390838623 -0.27279964089393616 0.0435979887843132 -0.185135617852211 0.1930641531944275 -0.03652649745345116 0.003260177094489336 -0.22395837306976318 -0.2119421362876892 0.15142978727817535 -0.27941736578941345 -0.33817845582962036 -0.23674432933330536 -0.1260491907596588 -0.036600109189748764 -0.06552350521087646 0.3252871632575989 0.09858184307813644 0.308879017829895 -0.2704389989376068 0.22284607589244843 0.11951901763677597 -0.0884975790977478 0.07118324190378189 0.027394507080316544 -0.06611468642950058 -0.15027114748954773 0.10293623059988022 0.1970936357975006 0.263990581035614 -0.04298414662480354 0.10191391408443451 -0.08525523543357849 -0.0268557108938694 -0.11026354134082794 -0.7301021218299866 -0.11942227184772491 0.37651216983795166 0.1599295735359192 -0.2807518243789673 0.0025082246866077185 -0.4913467466831207 0.1836695522069931 0.05264868959784508 0.04236822947859764
-0.2760273218154907 -0.33020761609077454 0.13484056293964386 0.0686265230178833 -0.03862128406763077 -0.04629264771938324 -0.043108981102705 0.5252915620803833 -0.11734589189291 -0.22813494503498077 -0.07783931493759155 0.13167130947113037 -0.0871691107749939 0.3999345898628235 0.02479805424809456 -0.11322912573814392 0.037628691643476486 -0.11200695484876633 -0.017855260521173477 -0.1087903156876564 0.20866546034812927 -0.19497479498386383 0.07655583322048187 0.01617821864783764 0.18021097779273987 0.21305440366268158 -0.14050357043743134 -0.1946324110031128 -0.20385059714317322 -0.00262090633623302 -0.1627657264471054 -0.031503722071647644 -0.2335994988679886 0.08152026683092117 -0.3946051299571991 -0.18331149220466614 -0.014777719974517822 0.062984399497509 -0.13414481282234192 0.12352704256772995 0.08879082649946213 -0.007057629060000181 -0.23692142963409424 0.02921016700565815 0.2943234145641327 -0.2875031530857086 0.19738873839378357 0.0858408510684967 -0.011734895408153534 0.239472895860672 -0.042035698890686035 -0.08581286668777466 -0.5566070675849915 0.05218341574072838 0.09592175483703613 -0.2572382092475891 0.11629645526409149 0.15279662609100342 -0.22053779661655426 0.26485732197761536 -0.24855588376522064 -0.16543470323085785 0.02229277975857258 -0.45127007365226746
0.15248538553714752 0.019215041771531105 0.3768814504146576 -0.17611999809741974 0.1098979264497757 0.18610092997550964 -0.034250903874635696 -0.14772993326187134 0.07823076844215393 -0.04813346266746521 0.2232963591814041 -0.1319984495639801 -0.14310060441493988 -0.33894914388656616 -0.2777126431465149 0.4109337031841278 -0.11067511141300201 -0.20026938617229462 0.44841426610946655 0.06856249272823334 0.3019962012767792 0.05311213806271553 -0.038993120193481445 0.3367408514022827 -0.22008687257766724 -0.1564239114522934 -0.01693987473845482 0.26032790541648865 0.029669523239135742 -0.2312777191400528 0.19239504635334015 0.04575703665614128 0.10401856899261475 0.005094483960419893 0.10535988956689835 0.14779189229011536 -0.22641967236995697 0.14163407683372498 0.4726753234863281 -0.1614651083946228 0.0353798009455204 -0.45546284317970276 0.41711902618408203 -0.17389284074306488 -0.11163916438817978 -0.1571492999792099 0.015823761001229286 -0.17287610471248627 -0.14275683462619781 -0.0325227752327919 0.08080478012561798 -0.20701046288013458 -0.07715248316526413 -0.02851087972521782 -0.07984577864408493 0.0026381623465567827 -0.005280569661408663 0.13370293378829956 -0.01870070770382881 0.3157828748226166 0.041655853390693665 0.08245113492012024 0.06639452278614044 0.005861868616193533
0.12666179239749908 0.357195645570755 0.2134062647819519 -0.12038927525281906 -0.039072129875421524 0.41756802797317505 0.012821447104215622 -0.2845020592212677 -0.0823879987001419 0.2934390902519226 0.05447583645582199 0.08469298481941223 0.44330453872680664 -0.10190645605325699 -0.16491428017616272 -0.0590929351747036 0.19265492260456085 0.025112276896834373 0.4321053624153137 0.13667502999305725 0.14210668206214905 0.4754024147987366 0.2351987063884735 -0.16615726053714752 -0.16743522882461548 0.018450027331709862 0.21063600480556488 0.5123673677444458 -0.31885939836502075 0.05054471641778946 0.06312458962202072 -0.24345123767852783 -0.18711531162261963 0.0655553936958313 0.11363861709833145 0.10266768932342529 -0.6968335509300232 -0.02826482243835926 -0.22070442140102386 -0.2700098156929016 0.171784907579422 0.24121318757534027 -0.20109598338603973 -0.009816741570830345 -0.09845483303070068 -0.012063046917319298 -0.27213719487190247 -0.15692482888698578 -0.13434606790542603 0.19021032750606537 -0.29776543378829956 -0.018342839553952217 -0.11821532249450684 0.03648586943745613 -0.11560999602079391 0.12362213432788849 0.05041688308119774 0.16558869183063507 -0.31783321499824524 -0.0360451303422451 -0.0011903191916644573 0.1405792087316513 0.2003815621137619 -0.060028836131095886
-0.126590758562088 -0.07813184708356857 0.08049632608890533 -0.2840776741504669 -0.029813425615429878 0.1576962172985077 -0.09727673977613449 0.020612841472029686 0.002625265857204795 0.023148072883486748 -0.3325730562210083 -0.12759429216384888 -0.2261986881494522 -0.04185599461197853 0.14906461536884308 -0.26544389128685 -0.0015747466823086143 0.13329988718032837 0.2289152294397354 0.16871283948421478 0.33090293407440186 -0.09756620228290558 0.4436369836330414 -0.22925995290279388 -0.19117234647274017 0.18599674105644226 0.24942119419574738 0.03540157526731491 0.10777139663696289 -0.0527961403131485 0.22124122083187103 0.11197786033153534 0.10746612399816513 -0.11895212531089783 0.07027241587638855 0.20674525201320648 0.1205078512430191 0.24827972054481506 0.011190519668161869 -0.04281868785619736 -0.1620725691318512 -0.0003078234731219709 0.028309151530265808 -0.1871521919965744 0.6058728694915771 0.025900715962052345 -0.04036824032664299 -0.2883404791355133 0.3199136555194855 0.014924448914825916 -0.2178705930709839 -0.023870814591646194 0.2792544364929199 -0.10257017612457275 -0.2947961091995239 0.18871141970157623 -0.28253456950187683 -0.16347052156925201 -0.12424052506685257 0.07860660552978516 0.29437389969825745 0.2995990216732025 0.21205942332744598 0.23967082798480988
0.07147514820098877 0.03673491254448891 -0.09814111143350601 -0.16746072471141815 -0.2664138078689575 0.27357718348503113 -0.06991526484489441 0.3494977056980133 0.26525840163230896 0.05938825383782387 -0.09257008880376816 0.18366025388240814 -0.02209484949707985 0.16050076484680176 0.023407096043229103 0.20822057127952576 -0.07648181170225143 -0.04644642770290375 0.04427564889192581 -0.06508591026067734 0.11457763612270355 0.21111391484737396 -0.059050727635622025 -0.18577030301094055 -0.12749382853507996 -0.31099945306777954 0.1702272891998291 0.46493473649024963 -0.2701648771762848 -0.054636698216199875 0.058787714689970016 0.02240132726728916 0.07240476459264755 -0.491254061460495 0.0707470253109932 -0.095301054418087 0.043074071407318115 0.21562206745147705 0.24968114495277405 -0.4648861587047577 -0.008334269747138023 0.19780319929122925 0.12442248314619064 -0.12191899865865707 -0.2279595285654068 0.11148020625114441 0.15070955455303192 0.24373741447925568 0.0676792785525322 0.06022246181964874 -0.21349899470806122 -0.23409491777420044 -0.037198755890131 0.34178102016448975 0.10848112404346466 0.10021153837442398 0.46436354517936707 -0.2792195975780487 0.064668670296669 0.0028077915776520967 -0.018645374104380608 0.05438518151640892 0.3808783292770386 -0.04269345849752426
0.06399346143007278 -0.20773206651210785 0.03145632520318031 0.21578781306743622 -0.2669844627380371 -0.08175240457057953 0.11545498669147491 0.020385706797242165 -0.2853514552116394 0.27918365597724915 0.17951130867004395 -0.0657338872551918 -0.1684226095676422 0.029362645000219345 0.054978832602500916 0.1674845963716507 -0.05195976793766022 0.10492344200611115 0.10888025164604187 -0.6281237006187439 0.335961252450943 0.15050944685935974 -0.15974096953868866 -0.4055693745613098 0.08073469251394272 0.06135443598031998 0.1256171613931656 0.3437485098838806 0.3543739914894104 -0.2533785402774811 -0.21116302907466888 -0.05419196933507919 -0.33370646834373474 -0.034073807299137115 0.2759663164615631 -0.34575897455215454 0.40301239490509033 -0.026684433221817017 0.41884487867355347 0.047400377690792084 0.21348558366298676 -0.06669753044843674 0.1871495544910431 0.0420372448861599 0.08140560239553452 -0.016991548240184784 0.30128559470176697 0.14072947204113007 -0.19850510358810425 0.4505920112133026 0.18208785355091095 0.15076176822185516 0.306590735912323 0.415561705827713 0.1492769569158554 0.007105808239430189 -0.19598381221294403 -0.12076828628778458 -0.33050936460494995 0.1740574985742569 -0.14784081280231476 -0.022962069138884544 -0.1681203991174698 -0.007928086444735527
0.04215220361948013 0.14995528757572174 0.09539835155010223 -0.045887403190135956 -0.10806773602962494 0.28951236605644226 -0.2556997537612915 -0.04195154085755348 -0.04143060743808746 0.06308595836162567 0.09376803785562515 -0.015059733763337135 0.013182553462684155 -0.005761309061199427 -0.09103389829397202 0.0692530944943428 -0.04365764558315277 -0.21447321772575378 0.019103236496448517 0.22028519213199615 -0.06370829790830612 -0.07708289474248886 0.21328309178352356 0.026338154450058937 0.010990447364747524 -0.19025319814682007 -0.09943091869354248 0.18749098479747772 0.2330762892961502 -0.08861275017261505 -0.15610980987548828 -0.34849679470062256 0.07547276467084885 0.1773824542760849 0.3040008246898651 -0.22429077327251434 0.039452727884054184 -0.02802644856274128 0.16892823576927185 -0.05732361972332001 -0.2135230451822281 -0.12985630333423615 -0.143452450633049 0.3535582721233368 0.07186193019151688 0.024144787341356277 0.10854478925466537 -0.4378071427345276 -0.22220396995544434 0.03337961807847023 0.29744333028793335 0.19654580950737 -0.1440781056880951 0.11677512526512146 -0.4497143626213074 0.04096977040171623 0.0905042439699173 -0.6044958829879761 0.11245618760585785 -0.08467410504817963 -0.14547736942768097 -0.28112542629241943 0.21497653424739838 -0.030792690813541412
-0.26259517669677734 0.10680127143859863 0.2469784915447235 0.0036992968525737524 -0.031063800677657127 -0.16560497879981995 -0.24226348102092743 0.1384514719247818 -0.10541954636573792 -0.09669655561447144 0.21182547509670258 -0.4797191321849823 0.21972961723804474 -0.2723786532878876 -0.3198073208332062 -0.04130420461297035 0.29593873023986816 0.27112671732902527 -0.23592498898506165 0.29325732588768005 -0.22739525139331818 0.04155927523970604 0.024944547563791275 0.1509576141834259 -0.24942055344581604 -0.09283755719661713 0.19503028690814972 -0.061355289071798325 0.10363145917654037 -0.015133548527956009 -0.12746019661426544 -0.08608604222536087 -0.16965465247631073 -0.05481630191206932 -0.2611793279647827 0.13788096606731415 0.07666218280792236 -0.1859382838010788 0.18704810738563538 0.09243182837963104 0.09918513149023056 0.35570967197418213 0.04717620089650154 -0.431452214717865 -0.03951220586895943 0.17318347096443176 0.25085583329200745 0.043646734207868576 0.24472449719905853 -0.04177561029791832 0.18697398900985718 0.021857457235455513 0.08184514194726944 0.2912166118621826 -0.03305792063474655 -0.14387957751750946 0.15263329446315765 0.05702263489365578 -0.007924641482532024 0.032940566539764404 -0.005637367721647024 -0.11605491489171982 0.06281331181526184 -0.30680346488952637
-0.027144012972712517 0.09005234390497208 -0.09566590934991837 0.15107664465904236 -0.0738670751452446 -0.022924520075321198 0.09077970683574677 -0.23739279806613922 -0.08211958408355713 0.2479574978351593 -0.021900352090597153 -0.054197609424591064 -0.2058473825454712 -0.14533007144927979 -0.32876935601234436 0.02683247998356819 -0.5121343731880188 0.19097842276096344 -0.22056320309638977 -0.39081358909606934 -0.03567803278565407 -0.1019936352968216 0.03646348416805267 -0.2887832522392273 0.014513932168483734 -0.2628438174724579 0.08060792833566666 0.10524251312017441 -0.26614221930503845 0.015112822875380516 -0.10298469662666321 -0.15954996645450592 -0.264650821685791 0.2562647759914398 -0.2130376100540161 -0.013038109987974167 -0.09288977831602097 0.07272333651781082 0.022779587656259537 0.23878082633018494 -0.14314258098602295 -0.382457971572876 -0.14344242215156555 -0.314339816570282 0.20917178690433502 -0.16989648342132568 0.21806469559669495 0.04522717744112015 -0.15520326793193817 0.20380069315433502 -0.2029842734336853 -0.172151118516922 0.0525130033493042 0.3674919307231903 0.01860255002975464 -0.03194354102015495 0.10475164651870728 0.09271375834941864 0.3161105811595917 -0.11685585230588913 -0.08444612473249435 0.06294876337051392 0.2912096381187439 0.15631568431854248
-0.19339865446090698 0.0845426395535469 -0.2219168245792389 -0.04117273911833763 -0.002450677566230297 -0.04143988713622093 0.1305883228778839 0.024820536375045776 0.24406296014785767 0.14976680278778076 0.0553697794675827 -0.03934818133711815 -0.1042681634426117 -0.04864608496427536 -0.20922733843326569 -0.1728651523590088 -0.011005710810422897 0.008329222910106182 0.10382650792598724 0.1231638714671135 -0.41764897108078003 -0.04941273480653763 -0.5174895524978638 -0.028105363249778748 0.01967095024883747 0.13381046056747437 -0.22420357167720795 0.04189057648181915 -0.022774944081902504 0.02064807154238224 0.12798641622066498 -0.21938428282737732 0.06273242831230164 0.10456037521362305 -0.17797686159610748 -0.022409219294786453 0.14084148406982422 -0.30101123452186584 0.3711371123790741 -0.43006813526153564 0.24372674524784088 -0.3312102258205414 -0.21045204997062683 -0.0403829962015152 0.06334689259529114 0.01482210773974657 0.011344444006681442 -0.18308322131633759 0.14186418056488037 0.15724167227745056 -0.08569977432489395 -0.1396094262599945 -0.21879178285598755 -0.05891275778412819 0.08481571823358536 0.12591204047203064 -0.2496408075094223 -0.16117322444915771 -0.22919411957263947 -0.2324424535036087 0.10282200574874878 0.30177247524261475 0.09605628252029419 0.22990643978118896
-0.008592278696596622 -0.04713160917162895 0.11667326837778091 -0.3724942207336426 -0.0801440179347992 -0.06144637241959572 -0.08302319794893265 0.06473477929830551 -0.08539633452892303 0.08123696595430374 -0.09969642013311386 0.022411638870835304 0.30687204003334045 -0.04071342200040817 0.1513865888118744 0.0959998145699501 -0.2957282066345215 -0.2446742057800293 0.025763394311070442 -0.34683936834335327 -0.09820307791233063 -0.14655208587646484 0.27562740445137024 -0.10152680426836014 -0.2471918910741806 0.05043870955705643 0.13697916269302368 0.10040654987096786 0.3201483488082886 -0.28821268677711487 -0.1311459094285965 -0.164045512676239 0.21943414211273193 0.4014238119125366 -0.15542423725128174 -0.055628761649131775 -0.3182249069213867 -0.01559265237301588 0.14995312690734863 -0.048328157514333725 -0.29527202248573303 -0.05972704663872719 -0.28982192277908325 -0.2792581617832184 -0.1289827674627304 0.15068577229976654 -0.12261664122343063 0.40296679735183716 -0.16667644679546356 0.15229007601737976 -0.3092935085296631 0.3046596944332123 -0.12570220232009888 -0.4311469793319702 -0.25959447026252747 0.19527064263820648 0.0062285782769322395 0.07111503183841705 0.11465663462877274 -0.14421728253364563 0.15588121116161346 0.25511419773101807 0.03034231625497341 -0.2295582890510559
-0.054470956325531006 -0.028290100395679474 -0.17077890038490295 -0.058443840593099594 -0.12426041811704636 0.0038516728673130274 -0.13303938508033752 0.09523428976535797 -0.30349570512771606 0.3807183504104614 0.08790729194879532 -0.042296186089515686 0.01597164012491703 -0.2518201470375061 -0.03887904807925224 -0.26082873344421387 0.10544510930776596 -0.2199036329984665 -0.2651751637458801 -0.1299898773431778 -0.02338750660419464 -0.25821879506111145 0.12046690285205841 0.031766194850206375 -0.013145175762474537 0.2095683217048645 -0.2711148262023926 0.08745217323303223 -0.14051683247089386 0.10289327800273895 0.11636268347501755 0.040330205112695694 0.34096863865852356 -0.012704107910394669 -0.09631522744894028 0.24008964002132416 -0.217524453997612 0.1405160129070282 -0.1805766075849533 -0.4442775547504425 -0.05562195926904678 0.48659828305244446 -0.061994701623916626 0.2005799412727356 0.1976567953824997 -0.14945098757743835 0.20790831744670868 0.26523682475090027 0.018322866410017014 -0.07607227563858032 0.21699464321136475 -0.1850469410419464 -0.0308284442871809 -0.010901393368840218 0.3129641115665436 -0.40105175971984863 -0.240339457988739 0.1337069422006607 0.08019085973501205 -0.1639600396156311 0.055943168699741364 -0.0659114420413971 0.35542210936546326 0.046922676265239716
-0.15016821026802063 0.04348735138773918 -0.04558580368757248 0.05795006826519966 -0.008239137940108776 -0.45734697580337524 -0.1340821385383606 -0.059937432408332825 0.05359980836510658 0.18263421952724457 -0.006733871530741453 -0.017372196540236473 0.24132049083709717 0.48155009746551514 0.08812788873910904 0.016031978651881218 -0.16495102643966675 -0.31079941987991333 0.08395546674728394 -0.18219751119613647 -0.04011954367160797 0.08916901051998138 -0.08209754526615143 0.3033883571624756 -0.24265044927597046 0.23998890817165375 -0.1933956742286682 0.2943700850009918 -0.0019921299535781145 0.08005396276712418 0.3051004409790039 -0.08502092957496643 -0.2586502432823181 0.1341562271118164 -0.20193393528461456 0.03956151381134987 0.20138771831989288 0.30660372972488403 -0.1849076747894287 0.1367526650428772 -0.228855162858963 0.022501341998577118 -0.11686253547668457 -0.13311873376369476 0.0020319235045462847 -0.2443266063928604 -0.2565009295940399 0.11815926432609558 0.09074508398771286 -0.25213679671287537 0.3599725067615509 0.03506428748369217 -0.118208147585392 0.3543141186237335 -0.01192833948880434 -0.09471475332975388 0.04779626056551933 -0.16513049602508545 -0.1797821819782257 -0.2619926333427429 0.14487388730049133 0.05796726793050766 -0.09394430369138718 0.041144415736198425
0.11759854853153229 -0.21639283001422882 -0.10270504653453827 0.19132520258426666 -0.001120339729823172 0.04231814667582512 -0.6351889371871948 -0.11694703996181488 0.12052024155855179 0.06854759156703949 0.26221439242362976 0.12410565465688705 0.01973443478345871 0.3560117781162262 -0.001637768349610269 0.05442829057574272 0.20418553054332733 -0.185093492269516 -0.20296376943588257 0.15669110417366028 -0.020932575687766075 -0.39809152483940125 -0.023762935772538185 0.18801118433475494 0.25308850407600403 0.09623604267835617 0.23108455538749695 0.04410165548324585 -0.019016064703464508 -0.31443729996681213 -0.23567214608192444 -0.15547950565814972 0.014494461007416248 0.05988556519150734 0.28260084986686707 -0.12789908051490784 -0.2862909734249115 0.018793338909745216 0.15547774732112885 0.3118334412574768 0.24086296558380127 -0.027512408792972565 0.031721144914627075 -0.2366771101951599 -0.06281385570764542 0.10226347297430038 -0.21167515218257904 0.03775637224316597 0.007852290757000446 0.006836113519966602 -0.02715522237122059 -0.3149053752422333 0.21322882175445557 -0.04569384455680847 0.07302932441234589 -0.21793758869171143 -0.06867251545190811 0.07559221237897873 0.0074286689050495625 -0.2605059742927551 0.016576450318098068 0.20006629824638367 0.17623715102672577 0.28999027609825134
-0.04710245504975319 -0.09755806624889374 0.03255018591880798 0.27706462144851685 -0.17579461634159088 -0.17744646966457367 0.184555321931839 -0.23647068440914154 -0.4688097834587097 0.16403013467788696 0.13149632513523102 0.07587936520576477 0.2610551714897156 0.0740663930773735 -0.1713944971561432 0.035137664526700974 -0.3032839596271515 -0.015880798920989037 -0.17387063801288605 -0.013202246278524399 0.13283760845661163 -0.29029136896133423 -0.09289506077766418 0.3398064970970154 -0.05714986473321915 0.20709310472011566 0.17237348854541779 -0.04668361693620682 -0.00925246812403202 -0.009442348033189774 -0.16938406229019165 0.1429154872894287 0.05829712003469467 -0.1387193351984024 -0.17795240879058838 0.027245722711086273 0.13446341454982758 -0.020674150437116623 0.2208845019340515 -0.20855914056301117 -0.02265424095094204 -0.08091726899147034 -0.1893368512392044 0.08851823210716248 -0.010320104658603668 0.26341262459754944 -0.30584433674812317 -0.4660138785839081 0.16605700552463531 0.24274376034736633 0.165895476937294 -0.07142018526792526 -0.08837857842445374 0.006245085969567299 0.287798672914505 0.2842048704624176 0.3161986768245697 0.021567486226558685 0.09664852172136307 0.3636757731437683 -0.40162572264671326 -0.10951729863882065 0.13962605595588684 -0.014210515655577183
-0.24184755980968475 -0.021907376125454903 0.12320340424776077 0.10474865138530731 0.1881306767463684 -0.1537114828824997 0.008217080496251583 -0.18683281540870667 0.019971748813986778 0.21748393774032593 -0.5290868282318115 -0.07435328513383865 0.11913619190454483 -0.23820844292640686 -0.047724008560180664 0.37474119663238525 -0.13048508763313293 -0.47098925709724426 0.4453003704547882 -0.16892488300800323 -0.06172461807727814 -0.022687343880534172 -0.4615200161933899 -0.2068769335746765 -0.09054014086723328 -0.10600023716688156 0.15080605447292328 -0.23469235002994537 -0.39124399423599243 -0.03779632970690727 0.16588334739208221 -0.007994315586984158 -0.24283964931964874 -0.07467737793922424 0.14310254156589508 -0.24737560749053955 -0.19257625937461853 0.05863850936293602 0.383495956659317 -0.024983258917927742 -0.0008784276433289051 0.3009423613548279 -0.1722538322210312 0.3273712694644928 0.05797596275806427 0.048026129603385925 0.10851120203733444 0.029354598373174667 0.3275986909866333 0.17865842580795288 -0.015306707471609116 0.05209973454475403 0.12376443296670914 0.07331061363220215 0.07644325494766235 -0.14393267035484314 0.11310973763465881 -0.12587279081344604 0.13444504141807556 -0.014772112481296062 0.14741267263889313 0.03789559006690979 0.15198345482349396 0.009057196788489819
-0.16130459308624268 0.015733160078525543 0.23197175562381744 0.011358979158103466 0.20552071928977966 0.21978910267353058 0.01748695969581604 0.16885317862033844 0.23156297206878662 0.10280674695968628 0.04539582133293152 0.206161230802536 0.08045055717229843 0.019314857199788094 -0.038278061896562576 0.339264452457428 -0.29827719926834106 -0.009638248942792416 -0.07445401698350906 0.11316782981157303 -0.06249748542904854 -0.2446492463350296 -0.005877189803868532 -0.192532017827034 -0.08697016537189484 -0.03156125172972679 -0.0729491263628006 0.16119325160980225 0.3815053403377533 0.38745301961898804 -0.1893971860408783 -0.010156962089240551 0.16092269122600555 -0.09322471916675568 -0.012335979379713535 0.1441330760717392 -0.1177849993109703 0.09232053905725479 -0.001802242361009121 -0.06503232568502426 0.06231752410531044 -0.20026086270809174 -0.034919798374176025 -0.02787674218416214 -0.06639646738767624 -0.025604352355003357 0.0777464285492897 -0.4346957802772522 -0.07513541728258133 0.2922244071960449 0.22367540001869202 0.004379914607852697 0.2878666818141937 0.16444535553455353 -0.170477956533432 -0.15597854554653168 0.2985363006591797 0.20989088714122772 -0.13254044950008392 0.0144259138032794 0.028087520971894264 0.3814309239387512 -0.44705629348754883 -0.23891238868236542
0.07407163828611374 0.3641494810581207 0.20158137381076813 -0.24755415320396423 0.21981513500213623 0.31589382886886597 -0.17546583712100983 -0.3042638599872589 0.053580865263938904 0.15658019483089447 -0.39004287123680115 -0.2974567413330078 -0.3410785496234894 0.13192330300807953 -0.02818874642252922 0.15445779263973236 -0.0010657628299668431 -0.2349071502685547 0.18719163537025452 -0.05057385563850403 -0.051583439111709595 0.24341072142124176 -0.1024569422006607 -0.29538407921791077 0.15854237973690033 0.02180355414748192 0.3886914849281311 0.11888153851032257 0.1538054198026657 -0.4609192907810211 0.08141114562749863 -0.028140632435679436 0.19375497102737427 0.07220803201198578 -0.061972662806510925 0.08466137945652008 0.40802356600761414 -0.010073341429233551 -0.19320429861545563 -0.24642334878444672 0.353956401348114 0.33868446946144104 0.1731007993221283 -0.16825854778289795 -0.17871838808059692 -0.0978686586022377 0.22034719586372375 -0.025814209133386612 -0.08481717109680176 -0.05869312584400177 0.06541592627763748 -0.4078003168106079 -0.09952256828546524 0.28257378935813904 0.38234686851501465 0.5024862885475159 0.15591681003570557 -0.19325710833072662 -0.4755989909172058 -0.10348038375377655 -0.05932660028338432 -0.029945282265543938 0.061471518129110336 0.20512895286083221
-0.05634910985827446 0.08625076711177826 0.043802376836538315 -0.22361600399017334 -0.3157774806022644 0.11618014425039291 -0.04580993950366974 0.05698245018720627 0.06598934531211853 -0.1974988728761673 -0.06647348403930664 0.5418984889984131 0.03781755268573761 0.014503671787679195 -0.45124784111976624 -0.006221485324203968 0.14632080495357513 -0.0652463361620903 -0.14103201031684875 0.19918064773082733 -0.11890542507171631 0.2898380756378174 0.25201576948165894 0.322809100151062 0.0430937185883522 0.1451396942138672 -0.05563850328326225 0.3562053143978119 -0.09474397450685501 -0.08021226525306702 0.024542927742004395 0.16839471459388733 -0.21837718784809113 0.2176850438117981 0.22059710323810577 0.1995086520910263 0.09241878241300583 -0.11050130426883698 -0.011234099976718426 0.1429225206375122 -0.5450718402862549 0.2570425868034363 -0.06632702052593231 0.06127874180674553 -0.3738769590854645 0.19331593811511993 0.1737762689590454 -0.07838901877403259 -0.1952330321073532 0.44349682331085205 0.0725884884595871 -0.15316909551620483 0.1036849394440651 -0.01323693711310625 0.02315661311149597 0.099491648375988 -0.21939800679683685 0.2534272074699402 -0.08720815181732178 0.14608824253082275 0.15588022768497467 0.04951610416173935 -0.006624127738177776 0.3072894215583801
-0.004531193058937788 -0.319996178150177 0.0028049563989043236 -0.12912610173225403 -0.31111976504325867 -0.23224520683288574 0.03877708688378334 -0.39980384707450867 -0.2910950183868408 -0.08090031147003174 -0.19748236238956451 0.39400216937065125 0.3572689890861511 0.5883039832115173 -0.17990611493587494 -0.18394024670124054 -0.24563618004322052 0.23715811967849731 -0.0431303009390831 0.22297291457653046 -0.221918985247612 -0.1885644644498825 -0.024642234668135643 0.23455442488193512 -0.1501685380935669 -0.2729237973690033 -0.1298617571592331 -0.005258035846054554 0.016672590747475624 0.16044490039348602 0.003456281963735819 0.46896281838417053 0.18261249363422394 0.09438489377498627 -0.11056987941265106 0.12697449326515198 -0.5559914112091064 -0.44671207666397095 0.2598955035209656 0.04425752907991409 -0.17229700088500977 -0.1531084179878235 0.14969857037067413 -0.130519300699234 0.12409796565771103 -0.357959121465683 0.24671876430511475 0.3243335485458374 0.16146758198738098 -0.0320248156785965 0.10830770432949066 0.11186764389276505 -0.15730199217796326 -0.4736638069152832 -0.329383909702301 -0.022792886942625046 -0.14310570061206818 -0.09551847726106644 0.1975250095129013 -0.31223559379577637 -0.07070691883563995 -0.09102290123701096 0.17266203463077545 -0.13766855001449585
-0.0919610932469368 0.16079866886138916 -0.3721016049385071 -0.3370719850063324 0.17571920156478882 0.19139163196086884 0.06636099517345428 -0.09288842976093292 0.1380685716867447 0.09691420197486877 0.29036545753479004 -0.06669415533542633 0.20074404776096344 0.06297125667333603 0.08852739632129669 0.22158116102218628 -0.06991345435380936 -0.007393029984086752 -0.11285439133644104 0.3409660756587982 0.306481271982193 -0.15899495780467987 0.09622684866189957 -0.22414372861385345 0.052565958350896835 0.18401150405406952 -0.20786014199256897 -0.24784891307353973 0.016255028545856476 0.05181911587715149 0.1254837065935135 -0.04124321788549423 -0.502344012260437 0.020299332216382027 0.38083598017692566 0.33588624000549316 0.12830470502376556 -0.13585416972637177 0.34810036420822144 -0.026683172211050987 -0.0118810860440135 0.02586924284696579 -0.006998305208981037 -0.13275927305221558 -0.1287601888179779 -0.08617499470710754 0.0041150888428092 0.2650515139102936 0.19800136983394623 -0.027967149391770363 -0.006340816151350737 -0.025556527078151703 -0.182686910033226 -0.08515544980764389 -0.16334430873394012 0.049041517078876495 -0.028078561648726463 0.042686812579631805 0.0028166337870061398 0.23842546343803406 -0.294975608587265 -0.20808649063110352 -0.12584006786346436 0.14267243444919586
0.09299328923225403 0.309164434671402 -0.12036532908678055 0.2506982088088989 -0.09992018342018127 0.20336931943893433 0.3249773681163788 -0.1265280842781067 -0.20966529846191406 -0.16828185319900513 0.21113744378089905 0.016398712992668152 0.09655863046646118 0.25311341881752014 -0.2980019748210907 0.0735766738653183 0.29680535197257996 -0.027255313470959663 0.5797616243362427 -0.2311575710773468 -0.058276932686567307 -0.349011093378067 0.042611345648765564 -0.07274724543094635 0.16775210201740265 0.16572754085063934 -0.09462079405784607 -0.26834836602211 -0.03657861799001694 0.01955471932888031 0.0007273263181559741 0.010590444318950176 -0.04264403134584427 -0.01916537620127201 -0.08464636653661728 0.16225190460681915 0.24278968572616577 0.17252634465694427 0.03971356526017189 0.10213726758956909 0.1455119103193283 -0.05238496512174606 -0.04975958168506622 -0.24258030951023102 -0.33469393849372864 -0.12479545921087265 -0.02990625612437725 -0.021880576387047768 0.11267351359128952 0.07632289081811905 0.3195119798183441 -0.0315367691218853 -0.06166825443506241 -0.17204652726650238 -0.06925895810127258 -0.26597484946250916 0.2532665431499481 -0.2797093391418457 0.24115824699401855 0.03233928605914116 0.4054504930973053 0.10086970031261444 0.09994077682495117 -0.12247796356678009
-0.1483638733625412 -0.008642774075269699 -0.24384428560733795 -0.18633981049060822 -0.021444514393806458 -0.21279782056808472 -0.0457838699221611 -0.17597657442092896 0.10807963460683823 -0.14724640548229218 -0.11356701701879501 0.2012719362974167 0.4283721148967743 0.06374649703502655 -0.3192877173423767 -0.08270581811666489 0.2245284616947174 0.11404930055141449 -0.512459397315979 -0.04202277585864067 0.3890899121761322 -0.18252348899841309 0.1268235146999359 0.2668324410915375 0.0023301339242607355 0.017722103744745255 -0.22707603871822357 -0.24469944834709167 0.04096130281686783 -0.10343912988901138 0.15366913378238678 -0.1900964081287384 0.10946601629257202 -0.12419041991233826 0.17254702746868134 -0.12420880794525146 -0.08173053711652756 0.052843302488327026 -0.09124282002449036 -0.06572338938713074 0.25101661682128906 -0.06811805814504623 0.08559422940015793 0.3875524401664734 0.17272020876407623 -0.21227405965328217 0.08477728068828583 -0.09973859041929245 -0.09286948293447495 0.23784106969833374 0.03516887128353119 0.07245161384344101 -0.021337855607271194 0.0820523351430893 -0.16559192538261414 0.19876417517662048 0.2632969319820404 0.22308070957660675 0.3880085051059723 0.08622092008590698 0.4807475805282593 -0.11599351465702057 -0.403360515832901 -0.14676710963249207
0.018583746626973152 0.16524258255958557 0.4476533532142639 0.20717568695545197 0.2529672086238861 -0.1149933710694313 -0.10963277518749237 -0.0724455714225769 0.14427024126052856 0.2667034864425659 0.1533314734697342 0.33803635835647583 0.46479088068008423 -0.047226570546627045 -0.010330921970307827 -0.19547754526138306 -0.07904953509569168 0.0993499606847763 -0.02754712849855423 0.05177109315991402 -0.20051902532577515 -0.08270338922739029 0.26778313517570496 -0.16676749289035797 -0.45135730504989624 0.05866085737943649 0.047819916158914566 -0.10534317046403885 -0.14002224802970886 -0.16890688240528107 -0.10427191853523254 0.07015987485647202 0.14908570051193237 0.03484096750617027 0.2933375835418701 -0.10113344341516495 0.3284332752227783 -0.1362219750881195 -0.0388418510556221 0.1575995534658432 -0.10254233330488205 -0.23133227229118347 -0.024295352399349213 0.05955393612384796 -0.030303532257676125 -0.29165658354759216 0.23061500489711761 -0.10395090281963348 0.3113304674625397 -0.17125436663627625 -0.2842925786972046 -0.2040286362171173 -0.23701415956020355 -0.27873435616493225 -0.02428014576435089 -0.1304531991481781 -0.00020495770149864256 -0.04371367394924164 0.22656795382499695 0.02422190085053444 0.17657053470611572 -0.09322293102741241 -0.03943333029747009 -0.01231486164033413
0.04346197843551636 0.027474818751215935 -0.004561247304081917 -0.20433185994625092 0.18076060712337494 0.34601569175720215 -0.29164355993270874 0.2030525803565979 -0.07307795435190201 -0.1397927850484848 -0.162730872631073 0.06153980270028114 0.28224432468414307 -0.12908333539962769 -0.1690722554922104 0.06020167097449303 0.2783595323562622 0.018246082589030266 0.26939085125923157 -0.18522630631923676 -0.27303946018218994 -0.29301050305366516 -0.3870432674884796 -0.00597340939566493 -0.009292375296354294 -0.008785758167505264 0.06527680903673172 0.20199932157993317 0.1431427001953125 -0.011710556223988533 -0.17908555269241333 0.49240079522132874 0.005655947607010603 -0.11837247759103775 0.04130660369992256 0.0532929003238678 0.2804667055606842 0.04785098508000374 0.04057617485523224 -0.012382281012833118 -0.07479709386825562 -0.33825206756591797 -0.12108248472213745 -0.3364591598510742 0.22203518450260162 -0.13425232470035553 -0.17362843453884125 -0.027600225061178207 -0.3038521409034729 -0.24598674476146698 0.10311249643564224 0.15683652460575104 -0.013092389330267906 0.12559443712234497 0.0320705771446228 0.15362299978733063 -0.11097215861082077 0.2269088625907898 0.08548321574926376 -0.09872299432754517 -0.23056484758853912 -0.3031846880912781 0.08669035136699677 0.3477694094181061
0.031497690826654434 0.07464945316314697 -0.1028369814157486 0.2062360793352127 -0.10813196748495102 0.41111472249031067 -0.17229031026363373 -0.16099855303764343 -0.029650624841451645 0.12181662023067474 0.009305647574365139 0.24774903059005737 0.16934409737586975 -0.3742130994796753 0.07938157021999359 -0.02829146943986416 -0.1536189168691635 0.20531101524829865 0.03180016204714775 0.1688651293516159 0.013296985998749733 0.22890418767929077 -0.4492141306400299 -0.29816314578056335 0.1777498871088028 0.03580723702907562 -0.08657000958919525 0.07889911532402039 0.21910923719406128 -0.3853333592414856 0.2888966202735901 0.11396221816539764 -0.2040920853614807 0.21700990200042725 -0.3663046658039093 -0.3509792983531952 -0.06652732938528061 0.3116317391395569 0.0783010795712471 0.09465368092060089 -0.18902966380119324 0.12801900506019592 0.18295100331306458 0.037752941250801086 0.025678135454654694 0.218659907579422 -0.12247668951749802 0.05480147898197174 0.06422152370214462 0.07702512294054031 0.2559434473514557 -0.06359119713306427 -0.054342325776815414 0.29140564799308777 0.28056347370147705 0.1821751445531845 0.10537945479154587 0.04630336910486221 -0.05689883604645729 0.10125232487916946 0.0402497835457325 0.19237394630908966 0.24748601019382477 -0.3198564350605011
-0.059513602405786514 0.12148319184780121 -0.2799297273159027 0.1086333841085434 0.11903993040323257 0.11238382756710052 0.009931487031280994 -0.2317994385957718 0.06502874940633774 -0.07516811043024063 -0.14766204357147217 -0.1686897873878479 -0.08639875799417496 -0.25924643874168396 0.2186380922794342 0.528301477432251 0.09636987000703812 -0.20548512041568756 0.10450641810894012 -0.13461041450500488 -0.2452063262462616 -0.16910526156425476 0.02833547070622444 0.12105215340852737 0.14606896042823792 -0.04026482626795769 0.08534785360097885 0.18727348744869232 -0.09841934591531754 0.19906114041805267 0.0871090441942215 -0.2860853374004364 -0.17159883677959442 0.1338994950056076 0.03156816214323044 -0.22558259963989258 0.42818862199783325 -0.12767741084098816 -0.2995070517063141 -0.13248154520988464 0.0341377928853035 0.30001088976860046 0.4228278696537018 -0.19672533869743347 0.02165130525827408 -0.40930303931236267 -0.2639029920101166 -0.11226566135883331 0.24340224266052246 0.1389039158821106 -0.19155310094356537 -0.11873602122068405 0.32655033469200134 -0.27392980456352234 0.20965874195098877 0.03103909082710743 -0.002873760648071766 -0.040469344705343246 -0.1750974953174591 0.002490528393536806 -0.10060400515794754 -0.1367417871952057 0.29327380657196045 -0.15127159655094147
-0.12736201286315918 0.20265734195709229 0.009972239844501019 0.04214319586753845 -0.32944008708000183 -0.1003190129995346 0.06353272497653961 -0.41255149245262146 0.08415361493825912 -0.23947443068027496 -0.22529734671115875 0.19327615201473236 -0.09819985926151276 -0.1289084553718567 0.10772417485713959 -0.011590869165956974 0.18465186655521393 0.10155168175697327 0.03761458396911621 -0.21124519407749176 -0.47141367197036743 0.15031087398529053 0.18711546063423157 0.19388197362422943 -0.27002283930778503 0.051681242883205414 0.08274663984775543 -0.17481951415538788 0.24332459270954132 0.3844025433063507 -0.05628208443522453 -0.06718219071626663 -0.019184188917279243 -0.01058870367705822 0.19702832400798798 -0.038120027631521225 -0.24382394552230835 0.4930569529533386 0.10505364835262299 -0.033410366624593735 0.14353300631046295 0.187754824757576 0.01515975035727024 -0.14594343304634094 0.19010864198207855 0.13731005787849426 -0.18997900187969208 0.0766792967915535 -0.058319345116615295 -0.014318685047328472 0.021367788314819336 -0.36325711011886597 -0.4955439865589142 0.2527886629104614 -0.006073797587305307 -0.05700176954269409 -0.18147504329681396 0.20582953095436096 0.0935671404004097 0.16784167289733887 -0.24813775718212128 0.014025446027517319 -0.10169975459575653 0.008402280509471893
-0.12555424869060516 -0.2699958384037018 0.3300168216228485 -0.054221875965595245 0.07139209657907486 0.08560093492269516 -0.0628928616642952 0.06099461019039154 0.09670557826757431 -0.19864852726459503 -0.1424715667963028 -0.26587769389152527 0.01852811500430107 -0.18497751653194427 -0.09976377338171005 0.11568890511989594 -0.04148854315280914 0.47752317786216736 0.10157698392868042 -0.08372953534126282 0.288786381483078 0.27057552337646484 -0.05386638641357422 -0.023852776736021042 0.2874504029750824 0.004437057767063379 -0.17790114879608154 0.1307695209980011 0.18350698053836823 0.09666377305984497 -0.6073251962661743 -0.2643841505050659 -0.11054984480142593 -0.27651816606521606 0.0030009548645466566 0.004362362436950207 0.11585898697376251 -0.054915472865104675 0.1655321717262268 -0.02230697125196457 -0.06323511153459549 0.02789565734565258 -0.17384818196296692 0.07392051070928574 -0.14145202934741974 -0.35432112216949463 -0.3215917646884918 0.034277934581041336 0.05728864297270775 -0.1435813009738922 0.25049665570259094 -0.1361309438943863 -0.2450293004512787 -0.19425497949123383 0.1256083846092224 0.15612202882766724 0.11928558349609375 0.029181934893131256 0.0323789119720459 -0.09936290234327316 0.07771195471286774 0.16148795187473297 -0.005413095001131296 0.38248592615127563
0.16503843665122986 -0.23512347042560577 -0.03190607577562332 0.030065208673477173 -0.08397673070430756 -0.23942306637763977 0.08288880437612534 -0.10703224688768387 0.03665533661842346 0.029523219913244247 0.16518546640872955 0.2687350809574127 0.07549169659614563 -0.05016673728823662 -0.05841228365898132 -0.2194409966468811 0.03860193118453026 -0.10861572623252869 0.1631445437669754 8.255294960690662e-05 -0.0014131551142781973 -0.20338422060012817 -0.04516059160232544 0.13608433306217194 0.28819039463996887 -0.49947404861450195 -0.14144019782543182 -0.044886164367198944 0.31135207414627075 0.22620749473571777 0.03568704426288605 -0.24885880947113037 0.046083394438028336 -0.009167318232357502 0.14978685975074768 0.39889827370643616 0.29197433590888977 0.1631743162870407 0.27706024050712585 0.35067233443260193 0.0712343379855156 0.23319607973098755 -0.17803707718849182 -0.008535878732800484 0.2065870314836502 -0.2061072438955307 -0.11168156564235687 -0.021515706554055214 0.11003487557172775 -0.04316636547446251 -0.41131216287612915 0.14079801738262177 -0.32145166397094727 -0.1558550000190735 0.23939989507198334 -0.0378788560628891 -0.026007188484072685 0.1220562532544136 -0.11127917468547821 -0.2646789252758026 0.03604516759514809 -0.11112973839044571 0.06327659636735916 -0.3573038876056671
-0.2256762981414795 0.28124573826789856 -0.2671108543872833 0.24261334538459778 -0.017280347645282745 0.10136765241622925 0.09545768052339554 0.07765088975429535 0.5517429709434509 -0.08418905735015869 0.0741504579782486 -0.023573098704218864 -0.08136740326881409 -0.03213466331362724 0.26189684867858887 0.1640724241733551 -0.08037706464529037 -0.285820871591568 0.16850902140140533 -0.17330697178840637 0.14308154582977295 0.0013985380064696074 0.031829580664634705 -0.05125581845641136 -0.09291855245828629 0.04378416761755943 0.13126766681671143 0.14743280410766602 0.29654455184936523 0.05323997512459755 0.009019098244607449 0.023452868685126305 0.1990928202867508 0.005755721125751734 -0.00555430818349123 0.3411635756492615 -0.08177387714385986 -0.4233412742614746 0.2265528291463852 0.36936765909194946 0.3194827735424042 0.25026899576187134 0.06979087740182877 0.2129143923521042 0.17719657719135284 -0.030560391023755074 -0.05117809772491455 -0.08140203356742859 -0.1011468693614006 -0.236298069357872 0.10373067855834961 0.11935281753540039 -0.035904210060834885 0.08286621421575546 -0.14593057334423065 0.05421808362007141 0.11255433410406113 0.07217198610305786 0.11006247252225876 0.2508302927017212 0.007637691684067249 0.16774608194828033 0.4359486997127533 0.14812035858631134
0.1584668606519699 0.2013036012649536 -0.23610980808734894 0.22345341742038727 0.21876241266727448 -0.014577141962945461 0.1322190910577774 0.3147238790988922 -0.20179983973503113 0.08977261185646057 -0.022288378328084946 -0.5073183178901672 -0.27674129605293274 0.16787749528884888 0.1844714730978012 0.16397540271282196 0.2945426404476166 0.057096052914857864 -0.14034828543663025 0.1846940815448761 -0.027625538408756256 0.24039332568645477 -0.13166587054729462 -0.19815680384635925 -0.08261667937040329 -0.1399724930524826 0.18666790425777435 0.3642520308494568 0.1530090719461441 0.08392471820116043 0.02264362759888172 -0.18873189389705658 -0.02289561741054058 0.19447603821754456 -0.17707666754722595 -0.045710768550634384 0.0021449935156852007 0.49751028418540955 0.2947902977466583 -0.11674320697784424 -0.011864475905895233 0.16250605881214142 -0.11069153249263763 0.16005229949951172 -0.10828402638435364 -0.22163131833076477 0.12151388823986053 -0.1777539849281311 0.10741235315799713 -0.09447839856147766 -0.11461904644966125 0.14758944511413574 0.06891771405935287 -0.03875015303492546 0.31071481108665466 0.10684014856815338 0.033360354602336884 0.18719413876533508 0.16406531631946564 0.3100917339324951 -0.21172292530536652 0.04033637046813965 -0.13898159563541412 0.23577085137367249
-0.41840431094169617 0.09551192075014114 0.21038474142551422 0.43183833360671997 0.3009755313396454 0.06227446720004082 0.0717625543475151 -0.025170551612973213 -0.18098866939544678 0.0890195369720459 -0.23634088039398193 0.49463629722595215 -0.1890486627817154 -0.004201635252684355 -0.025851620361208916 0.19726409018039703 0.15946929156780243 0.08033263683319092 -0.3752114474773407 -0.049807243049144745 -0.016614606603980064 0.03591465204954147 -0.09526408463716507 -0.16175179183483124 -0.1327846348285675 0.005305951926857233 0.06317664682865143 0.043471869081258774 -0.31579145789146423 -0.21484480798244476 0.3569146692752838 -0.11957345902919769 0.10973096638917923 -0.17168773710727692 0.005373895168304443 0.4290401041507721 -0.23652563989162445 0.09605058282613754 0.07918162643909454 -0.2063087821006775 -0.0908297672867775 0.033415284007787704 0.008131716400384903 -0.11182540655136108 0.046855054795742035 -0.06628214567899704 -0.24457617104053497 -0.08295173943042755 -0.08494900912046432 0.041718725115060806 -0.11385177820920944 0.3036311864852905 0.046444155275821686 -0.15458616614341736 -0.2980850636959076 -0.0031831918749958277 0.017893163487315178 -0.2935456335544586 -0.04523448646068573 -0.24901096522808075 0.04298198223114014 -0.0729995146393776 0.09499837458133698 -0.07718458771705627
-0.06451001018285751 0.0006787813035771251 0.0726945698261261 0.1308300942182541 0.17276932299137115 0.19302861392498016 -0.03800078481435776 0.26389530301094055 -0.3278474509716034 0.02917199395596981 -0.293792188167572 -0.07963574677705765 0.14002175629138947 0.009676768444478512 0.07782703638076782 -0.4236682951450348 -0.12361899763345718 0.11636235564947128 -0.19538094103336334 -0.05064161494374275 0.00784062035381794 -0.0932382345199585 -0.14214034378528595 0.03445618599653244 0.062444526702165604 0.08317482471466064 0.3801176846027374 0.32469111680984497 -0.11231871694326401 0.04808758571743965 0.11225317418575287 -0.11534988880157471 -0.11799805611371994 0.287728875875473 0.2217501550912857 0.009678143076598644 0.2677856385707855 -0.09365678578615189 0.1835109442472458 -0.08012476563453674 0.05975243076682091 -0.15898050367832184 0.31821271777153015 0.13375616073608398 -0.11788135766983032 0.275615394115448 -0.07059389352798462 -0.093376025557518 -0.328223317861557 0.014839204028248787 0.268524706363678 -0.5716689825057983 0.07046017795801163 -0.09872273355722427 -0.41595277190208435 0.06238618120551109 0.2360890954732895 0.12170489132404327 -0.06701809912919998 -0.08595374971628189 0.46011093258857727 -0.051861900836229324 0.13228772580623627 -0.026196321472525597
0.18075816333293915 0.003198472782969475 0.12256311625242233 0.20048470795154572 0.24355043470859528 0.15148134529590607 0.08399795740842819 0.05495717376470566 0.5467045307159424 0.24665750563144684 -0.23971118032932281 -0.2100277543067932 -0.03736279159784317 0.1766267567873001 0.03692229464650154 -0.04170244187116623 0.1412409096956253 0.3920506238937378 -0.1505933701992035 -0.13333900272846222 0.1796681135892868 0.15834321081638336 -0.04378161206841469 0.368962824344635 -0.0177164264023304 -0.05494276434183121 0.09347272664308548 0.06937965750694275 -0.26649174094200134 0.05952765792608261 -0.1963891088962555 0.1952567845582962 -0.002296723425388336 0.3731917440891266 0.21008534729480743 0.16974852979183197 -0.11872392892837524 0.14044702053070068 -0.015558026731014252 -0.289042204618454 -0.1602647751569748 0.13451649248600006 -0.21934691071510315 -0.26472681760787964 0.29068270325660706 0.19146279990673065 0.27160754799842834 0.027020670473575592 0.06572334468364716 0.09076541662216187 0.10177938640117645 0.1598459929227829 -0.07971738278865814 -0.22123903036117554 0.06418183445930481 0.20142023265361786 -0.25786522030830383 -0.0596943125128746 0.0651761144399643 0.09232296049594879 -0.08589168637990952 0.1138220950961113 0.012809948064386845 -0.3268585503101349
0.10828084498643875 0.09879513829946518 0.13913197815418243 0.024605577811598778 -0.5209984183311462 -0.25796443223953247 0.13562479615211487 0.3279901146888733 0.03527811914682388 0.22451350092887878 -0.5002849698066711 0.16765087842941284 -0.07203307002782822 -0.21279890835285187 0.21285484731197357 0.029338927939534187 0.21714939177036285 -0.30845531821250916 -0.00582169322296977 0.20653364062309265 0.26960739493370056 -0.1546591967344284 0.2106073647737503 -0.24278268218040466 0.31375664472579956 -0.1493859440088272 -0.40582436323165894 0.2502671480178833 -0.1477493792772293 -0.005965305957943201 -0.0943136066198349 0.05962277948856354 0.12895068526268005 0.38035401701927185 0.08769308775663376 -0.08384127914905548 -0.1359204649925232 -0.20560093224048615 -0.025604424998164177 -0.1211438700556755 0.10075695067644119 -0.07722710072994232 -0.052874572575092316 -0.3120121359825134 0.07744085788726807 0.03697066754102707 -0.06941595673561096 -0.061433952301740646 0.21793830394744873 -0.2216586470603943 -0.0014171998482197523 0.032589223235845566 0.11389701813459396 -0.0421992726624012 -0.04645116627216339 0.12265472859144211 -0.0413956418633461 -0.01397699024528265 0.21640659868717194 -0.044156718999147415 -0.05306220054626465 0.19210492074489594 -0.25677525997161865 -0.007367681711912155
0.0844760611653328 0.223147913813591 -0.017582781612873077 -0.19442960619926453 0.4140983819961548 -0.31108057498931885 -0.3582156002521515 -0.020785098895430565 -0.19445468485355377 0.15765216946601868 -0.06404116004705429 0.4976504445075989 0.1399543583393097 0.23772533237934113 -0.08694073557853699 0.117566779255867 0.08855436742305756 0.14718692004680634 0.2975146472454071 0.052096135914325714 -0.01245250552892685 0.027727093547582626 0.12639054656028748 0.22368231415748596 0.1677129864692688 0.17586806416511536 -0.07567871361970901 0.03934885188937187 0.014249059371650219 0.2724881172180176 0.17223325371742249 -0.4182540476322174 0.07364854961633682 -0.006342885084450245 -0.14602568745613098 0.02663671039044857 0.06740893423557281 -0.09257297962903976 -0.40419110655784607 -0.21379609405994415 -0.03689621761441231 0.14108867943286896 0.29813510179519653 0.03097395971417427 -0.04253308102488518 0.5240951776504517 0.18446600437164307 0.04357437044382095 0.11736205220222473 -0.12091728299856186 -0.03812987729907036 0.013927491381764412 -0.2348998486995697 -0.1303974986076355 -0.06089887395501137 -0.30988913774490356 -0.1134566143155098 0.29519516229629517 0.49735233187675476 -0.34793755412101746 -0.2206711620092392 0.16917075216770172 0.12709924578666687 0.028183015063405037
0.221475750207901 0.09878330677747726 0.41750437021255493 0.08950392156839371 0.14185184240341187 -0.08899623155593872 -0.23168118298053741 -0.3380810618400574 0.08355234563350677 -0.3408370316028595 0.04698622226715088 0.0682494193315506 -0.0014064931310713291 -0.19131669402122498 0.39257147908210754 -0.0005417093634605408 -0.07836116850376129 0.06632120162248611 0.15029267966747284 -0.1263124644756317 -0.018570728600025177 -0.09280242025852203 0.18549391627311707 0.028230074793100357 0.15196138620376587 0.01515781506896019 -0.08336171507835388 -0.015777701511979103 0.04017673060297966 0.13399921357631683 0.33842623233795166 -0.013526564463973045 0.03749854862689972 0.2901255786418915 -0.06851957738399506 0.24277563393115997 0.15859854221343994 0.14948506653308868 0.10334055870771408 -0.049523018300533295 0.41710296273231506 -0.2669256031513214 -0.41603758931159973 0.21513433754444122 -0.3837512731552124 -0.17257073521614075 0.009187997318804264 0.04394877329468727 0.12840013206005096 0.2767906188964844 0.2271718829870224 0.14312420785427094 0.22458726167678833 0.2506110966205597 -0.22781646251678467 0.23587235808372498 0.19873586297035217 0.11265163123607635 -0.023923486471176147 0.04102044552564621 -0.09089211374521255 -0.11294904351234436 0.31009137630462646 0.1529388725757599
0.03668784350156784 0.2233201563358307 -0.049908436834812164 -0.11183205991983414 0.24025984108448029 -0.030944745987653732 0.0654764398932457 -0.5001344680786133 0.026487233117222786 0.11892657727003098 -0.03245515376329422 -0.2078307718038559 -0.2942003905773163 -0.3212380111217499 0.2365613579750061 0.03753545880317688 0.3994528353214264 -0.1020468920469284 0.05575884133577347 -0.007156485226005316 0.1200186014175415 0.036691296845674515 -0.14728859066963196 -0.042119286954402924 -0.1948731690645218 0.05185435339808464 -0.04661699756979942 0.3873593211174011 -0.19340531527996063 -0.02043076418340206 -0.03339499607682228 0.19950853288173676 -0.11732503771781921 0.020253216847777367 -0.2343558669090271 -0.08217590302228928 0.29754042625427246 0.06738889217376709 0.06953122466802597 0.1828039437532425 0.16101296246051788 0.1291622519493103 0.13077591359615326 0.028627337887883186 0.25954365730285645 0.15357723832130432 -0.01293931808322668 0.16532383859157562 -0.22572849690914154 0.2175205945968628 -0.0938066616654396 0.09137911349534988 -0.07598084211349487 -0.13072426617145538 0.32306981086730957 -0.2211165726184845 0.639985203742981 -0.39757779240608215 -0.313416451215744 -0.0065519236959517 0.020698636770248413 0.08451441675424576 -0.04998890310525894 0.23365169763565063
-0.46584442257881165 -0.26262784004211426 -0.08734351396560669 0.16717448830604553 -0.04393308237195015 0.16748245060443878 0.1957329362630844 -0.2744152247905731 -0.12127991765737534 0.42507994174957275 -0.13696080446243286 -0.1178135871887207 -0.09571473300457001 0.1260184496641159 -0.08927512913942337 0.02613924629986286 0.21889743208885193 0.044607970863580704 0.1926356852054596 -0.12917590141296387 -0.1486504077911377 0.035228386521339417 0.47322118282318115 0.34321656823158264 0.15465115010738373 -0.12028460204601288 -0.25862109661102295 0.07818863540887833 1.244053419213742e-05 -0.04066824913024902 0.5718111395835876 0.10169811546802521 0.07940686494112015 -0.026219220831990242 0.15004605054855347 -0.1865493655204773 0.021819893270730972 -0.1900058537721634 -0.05566072091460228 0.017679572105407715 -0.008826829493045807 -0.019085029140114784 -0.2683992385864258 0.03138234466314316 0.10784006118774414 0.09448147565126419 -0.12828518450260162 0.3246031403541565 0.1613999903202057 -0.390024870634079 -0.2808515131473541 0.038769688457250595 0.09561516344547272 0.0009086305508390069 0.024498969316482544 -0.18077601492404938 0.030035100877285004 0.2917070686817169 0.034771841019392014 0.0451461523771286 -0.121123768389225 0.1467418670654297 -0.136476531624794 -0.09354046732187271
0.047219373285770416 0.10593737661838531 -0.055814169347286224 -0.10051529109477997 -0.062224991619586945 0.1644294410943985 0.2808800935745239 -0.1901484578847885 0.2792584300041199 -0.2581627070903778 -0.3028709292411804 -0.005574335344135761 0.09106700867414474 0.19354018568992615 -0.2204052209854126 -0.17510397732257843 0.059548549354076385 -0.3329068422317505 -0.005913345608860254 0.007172636687755585 -0.02356923371553421 0.02986280806362629 -0.08276961743831635 -0.07298580557107925 -0.2555220425128937 0.18101926147937775 -0.29915571212768555 0.03416001424193382 0.43087902665138245 -0.18716087937355042 0.09866540879011154 -0.1310424953699112 -0.18958806991577148 0.0519811287522316 0.18321575224399567 -0.02670302428305149 -0.32908889651298523 -0.030697263777256012 0.009456581436097622 -0.1114574670791626 -0.04237119108438492 -0.1188027486205101 -0.19492466747760773 -0.02657610923051834 -0.26656559109687805 0.0919230505824089 0.016746655106544495 -0.24673567712306976 0.08293390274047852 0.04713357239961624 -0.1786813586950302 -0.14860208332538605 0.31657353043556213 0.01908183842897415 0.34646356105804443 -0.3065650165081024 0.21786753833293915 -0.15883462131023407 0.1413506120443344 -0.18132302165031433 -0.30296099185943604 -0.2669351398944855 0.5045254826545715 -0.20749004185199738
0.1834527999162674 0.1758808195590973 0.11748955398797989 -0.2147873342037201 -0.09555623680353165 -0.12184247374534607 -0.26899635791778564 0.16567640006542206 0.018743477761745453 0.07971864938735962 0.06533359736204147 -0.21555684506893158 -0.4466046392917633 0.20205876231193542 0.0038076797500252724 0.1513759344816208 -0.2658415734767914 0.5158551931381226 0.11630868911743164 0.02283177152276039 -0.3521057665348053 -0.14141510426998138 0.11648015677928925 0.05864066258072853 0.042865216732025146 0.06474494934082031 -0.34448128938674927 -0.03886682540178299 -0.08885228633880615 -0.2280036062002182 -0.03526277467608452 0.21294040977954865 0.0024832042399793863 0.034432027488946915 0.0014208361972123384 0.1577284038066864 0.1472446471452713 -0.21800090372562408 -0.01991707645356655 -0.03977743163704872 0.17025989294052124 0.21237361431121826 0.004327049013227224 0.20483292639255524 0.533245325088501 0.0990833044052124 -0.5021691918373108 0.21944576501846313 0.18276040256023407 -0.05043339356780052 -0.046060170978307724 -0.0036989750806242228 0.08234507590532303 -0.22070558369159698 0.1957734227180481 -0.23502331972122192 -0.016597170382738113 0.05594555661082268 0.0728113055229187 -0.08671296387910843 0.15910962224006653 -0.24815349280834198 -0.16986003518104553 -0.08098550885915756
0.1769108772277832 -0.30593404173851013 -0.12667427957057953 0.051988616585731506 -0.2088320106267929 -0.191691055893898 -0.15089082717895508 -0.1741095781326294 0.056893110275268555 -0.39898449182510376 -0.1236819475889206 -0.13147687911987305 0.20991379022598267 -0.10859054327011108 -0.2115403711795807 0.016814345493912697 -0.1957663595676422 -0.0123409079387784 -0.2102542519569397 0.11107881367206573 -0.10121218860149384 0.06165846809744835 0.12778730690479279 -0.1412239372730255 -0.06696765124797821 0.016199227422475815 -0.028103886172175407 0.28527823090553284 -0.12242302298545837 0.07932936400175095 0.44121164083480835 -0.10013889521360397 -0.08033335208892822 -0.17630605399608612 0.30879172682762146 0.244345560669899 -0.01708226278424263 -0.039190471172332764 -0.46792811155319214 -0.010540302842855453 0.23591792583465576 -0.1841537356376648 -0.18234647810459137 0.01838022470474243 -0.08728678524494171 0.18437699973583221 0.06550870835781097 -0.005028410814702511 0.16670189797878265 -0.09976831823587418 0.10418544709682465 0.2912810742855072 -0.4529680907726288 -0.3841348886489868 0.060313619673252106 -0.4216234087944031 -0.22692936658859253 -0.055884238332509995 0.3673578202724457 0.17191337049007416 -0.12810075283050537 0.26721855998039246 0.010891598649322987 -0.15893623232841492
0.22838109731674194 0.2227722555398941 -0.2859712839126587 -0.02651911973953247 0.08196941018104553 0.08310955762863159 -0.2442871779203415 -0.12775351107120514 -0.2806866765022278 0.06897986680269241 -0.32813847064971924 0.28876805305480957 -0.13758735358715057 0.099443718791008 0.1330345869064331 -0.23892468214035034 0.06147812306880951 -0.1766246259212494 -0.1065894365310669 -0.03728785738348961 0.12907381355762482 0.15027178823947906 0.039873648434877396 0.034587472677230835 -0.41366180777549744 -0.1103411614894867 -0.17800836265087128 -0.0017197165871039033 -0.402166485786438 0.06352262943983078 -0.05108249932527542 -0.15026696026325226 0.013541744090616703 -0.22718973457813263 -0.1487417370080948 -0.2816523015499115 0.17518119513988495 -0.2026778757572174 0.1991100311279297 -0.09513554722070694 0.027328023687005043 0.20292969048023224 -0.4002510905265808 -0.06223893165588379 0.01703432761132717 -0.016042424365878105 0.01767178624868393 0.06033314764499664 -0.2495766580104828 -0.15472914278507233 -0.009761433117091656 -0.18674692511558533 0.27419885993003845 -0.11850795149803162 -0.11908579617738724 -0.014882540330290794 -0.22560325264930725 0.0677289217710495 0.02883034013211727 -0.008864792995154858 -0.0943167507648468 0.3358326554298401 0.10938968509435654 -0.4855324625968933
-0.14888489246368408 0.03498004004359245 -0.009955132380127907 -0.11128261685371399 0.06920529901981354 -0.4497801661491394 0.11014262586832047 0.04096206650137901 -0.2058798223733902 0.22137652337551117 -0.04873351752758026 -0.23783481121063232 -0.006146387197077274 -0.005142180249094963 0.2279292494058609 0.3832331597805023 0.19101424515247345 0.315472811460495 -0.09069615602493286 -0.09485778212547302 0.14987307786941528 -0.12042410671710968 -0.05447234958410263 -0.2247437685728073 -0.06586359441280365 -0.22643105685710907 -0.4152302145957947 -0.21830591559410095 0.09175560623407364 -0.11738579720258713 -0.15818747878074646 0.2232680469751358 -0.08321823179721832 -0.21866799890995026 0.3222522735595703 -0.12889127433300018 -0.0460757352411747 0.19012954831123352 0.03299093246459961 0.23271556198596954 -0.027329882606863976 -0.24144910275936127 0.10783237963914871 0.0007845592335797846 -0.14156226813793182 0.023705095052719116 0.17525529861450195 -0.41898924112319946 -0.2406999170780182 0.19874459505081177 0.010548918507993221 -0.0891977846622467 0.02054237574338913 0.09247826039791107 0.2268524020910263 0.1936211735010147 0.01891988515853882 -0.008944598026573658 -0.3958927094936371 0.22330838441848755 0.39780691266059875 0.12281548976898193 0.6279754042625427 -0.06461081653833389
0.3376029431819916 0.1070258766412735 -0.08933188766241074 -0.1376962810754776 0.12400032579898834 -0.2996719479560852 0.036656249314546585 0.1518343985080719 -0.010289021767675877 0.2037077248096466 -0.047697391360998154 0.2178688794374466 -0.18076927959918976 -0.05834876745939255 -0.30954858660697937 0.10444338619709015 0.4161255657672882 -0.0508817620575428 -0.3939652740955353 -0.16250059008598328 -0.0032962383702397346 0.180100679397583 0.22378188371658325 -0.23631983995437622 0.21086476743221283 0.08742225170135498 0.4104548394680023 -0.02388303168118 0.07846245914697647 0.3127913177013397 0.31068211793899536 0.3000238835811615 -0.09301886707544327 0.16981710493564606 -0.3167332112789154 -0.21794535219669342 -0.0993475615978241 -0.0029048265423625708 -0.04215896874666214 -0.06650590896606445 -0.18579897284507751 0.2506237328052521 -0.2294541299343109 0.3616303503513336 0.2885452210903168 -0.0676664412021637 -0.28662729263305664 0.17834694683551788 0.17804192006587982 -0.0944526195526123 -0.04267648607492447 -0.14888733625411987 -0.07632195949554443 0.08973465114831924 0.017450101673603058 -0.22223037481307983 -0.10781794041395187 -0.13004669547080994 -0.16132871806621552 0.10368524491786957 0.05815238505601883 0.1502145677804947 0.08635099232196808 -0.31797322630882263
0.19673976302146912 0.042461197823286057 0.2585628032684326 -0.012378999963402748 0.139194056391716 -0.19244518876075745 0.42565256357192993 0.07877083867788315 0.05741870030760765 -0.4449242651462555 0.21567413210868835 0.1561279296875 -0.07805253565311432 0.02477787621319294 -0.15613651275634766 0.13355886936187744 -0.0918850302696228 0.10961902141571045 0.004551168531179428 0.4049372375011444 0.10720223933458328 -0.25192365050315857 -0.07934664189815521 -0.03906824439764023 0.09110219776630402 0.2109842598438263 0.12675315141677856 0.3456176817417145 0.05041475221514702 -0.06647896766662598 -0.22335420548915863 -0.4178285300731659 0.3563985228538513 -0.13244062662124634 0.27045515179634094 -0.1464778482913971 0.012149659916758537 -0.04708392545580864 -0.09450815618038177 0.09339097142219543 -0.2740180194377899 -0.24718354642391205 -0.28931498527526855 0.047104883939027786 0.2671142816543579 0.10764801502227783 0.2172267735004425 0.35780787467956543 0.007017476949840784 -0.24748855829238892 0.3836238384246826 0.04682769626379013 0.13387925922870636 0.02190706692636013 -0.06398168206214905 0.40109193325042725 0.0748768001794815 0.1832902878522873 -0.14937907457351685 0.09779061377048492 0.09747280180454254 -0.1480233073234558 -0.02520609274506569 0.03053954243659973
bias -0.13996320962905884 -0.16335317492485046 -0.018999287858605385 0.06613573431968689 -0.10639969259500504 0.18814332783222198 0.23925051093101501 0.06548378616571426 -0.0009975382126867771 0.04111776873469353 0.033334530889987946 -0.1258106827735901 0.004906464368104935 0.06804642826318741 0.11476555466651917 0.03445817902684212 -0.008412386290729046 -0.20091941952705383 0.18552269041538239 0.12747646868228912 0.14092184603214264 0.1586010903120041 -0.02674156241118908 -0.00933837890625 -0.1251721829175949 -0.01812402904033661 0.007839012891054153 0.000737414404284209 0.027613313868641853 0.08329778164625168 0.009737033396959305 -0.06700148433446884 0.025959696620702744 0.03682588413357735 0.2159072756767273 0.04400171712040901 -0.3436223268508911 -0.2564629316329956 -0.1989271342754364 -0.031139656901359558 -0.10659787058830261 -0.08714532107114792 0.12458262592554092 0.040917254984378815 0.11613186448812485 -0.02326129749417305 -0.08700715005397797 0.06375877559185028 0.10154339671134949 -0.07537145912647247 0.031595345586538315 -0.03195246681571007 0.12260238826274872 0.1229948103427887 0.010663071647286415 0.0011808328563347459 0.033355940133333206 -0.16607004404067993 -0.05871955677866936 -0.07546434551477432 0.14310535788536072 -0.19222022593021393 0.08308088034391403 0.010075684636831284
layer 64 4 linear
-0.1601930409669876 0.0038351258262991905 0.06055089086294174 0.01622956618666649 -0.06098031625151634 0.07820231467485428 0.03260878473520279 -0.018447088077664375 -0.05705462023615837 -0.05800541490316391 0.0636724904179573 -0.015415864065289497 0.0710444301366806 0.012421994470059872 0.0016533320304006338 0.03368663787841797 -0.10965091735124588 0.022223051637411118 0.008362282998859882 0.0971701368689537 0.04196669161319733 0.09939565509557724 -0.01652165874838829 -0.015887681394815445 -0.015298928134143353 -0.02648850344121456 0.044403571635484695 0.08280982822179794 0.0575152151286602 -0.06273593753576279 -0.059223782271146774 -0.037960123270750046 0.006860300898551941 -0.014059891924262047 -0.17683301866054535 0.09629856050014496 0.201202854514122 -0.0057896897196769714 -0.1468481421470642 0.08383798599243164 -0.0002997111587319523 -0.007774925325065851 -0.012470453977584839 -0.12685371935367584 -0.017897389829158783 0.010423298925161362 -0.03767811134457588 -0.019290979951620102 0.027192668989300728 0.062125448137521744 -0.05757454037666321 0.08815614134073257 0.09405560046434402 -0.12857899069786072 -0.08691645413637161 -0.13902540504932404 0.002870700089260936 0.03394186124205589 0.002503166440874338 0.007596490904688835 0.10039551556110382 0.02263946272432804 0.009365924634039402 0.16798563301563263
0.05048779398202896 -0.04504629597067833 -0.08422575891017914 0.00029031094163656235 0.010680434294044971 0.037786129862070084 -0.03855447843670845 0.06190556660294533 -0.02754286490380764 0.0012342088157311082 0.029795287176966667 -0.017516467720270157 0.08148122578859329 -0.08543431013822556 0.04177696630358696 0.08738333731889725 -0.09908567368984222 -0.06517869979143143 -0.0700799897313118 0.06821165233850479 0.11755141615867615 0.008290371857583523 -0.04527994990348816 -0.09602314233779907 0.034501854330301285 -0.052405811846256256 0.0051911198534071445 0.008435005322098732 0.09440946578979492 0.057779259979724884 0.021222027018666267 -0.10293028503656387 -0.05814714357256889 -0.02695641480386257 0.0028034981805831194 0.02124514803290367 -0.15125323832035065 0.0007752738310955465 -0.08806882798671722 0.058925461024045944 -0.0011361590586602688 -0.05465139076113701 0.015775686129927635 0.04135908558964729 0.06834529340267181 -0.08723635971546173 -0.03147628530859947 -0.03168686479330063 0.06714943051338196 0.026514459401369095 0.0006325528956949711 0.056545279920101166 0.07223449647426605 0.06928012520074844 -0.013919548131525517 0.07579582929611206 0.12075860053300858 -0.03293078392744064 0.05865352600812912 -0.02832581102848053 0.07553084194660187 -0.07430126518011093 0.1639949530363083 -0.09231337904930115
0.020031729713082314 -0.03132232278585434 -0.08936934918165207 -0.03793514147400856 0.05631892383098602 0.09864988923072815 0.1291801929473877 -0.05565733462572098 0.06258700042963028 -0.15037865936756134 -0.0932452380657196 -0.032262831926345825 0.08634667098522186 -0.1786024570465088 -0.06308601796627045 -0.0022106191609054804 0.14588595926761627 0.08685779571533203 -0.0778932049870491 -0.02618391253054142 -0.001705267233774066 0.06388935446739197 0.09293671697378159 0.013426660560071468 -0.0381532683968544 0.06975288689136505 0.02341633290052414 0.09211700409650803 0.039558619260787964 0.059074047952890396 -0.018191125243902206 0.06725486367940903 0.10208402574062347 -0.01671159453690052 -0.06867741793394089 0.03955180197954178 0.12509950995445251 -0.13900665938854218 0.009028048254549503 -0.024831116199493408 -0.02720138058066368 0.01668780855834484 0.11331121623516083 -0.04549170657992363 0.07171375304460526 -0.0725514218211174 -0.059126902371644974 -0.095145583152771 -0.0171826034784317 -0.000649098539724946 0.13844643533229828 -0.005639856215566397 0.034300580620765686 -0.01025189459323883 -0.003779502585530281 -0.015108181163668633 0.05768913775682449 0.14393533766269684 -0.09557386487722397 0.043266598135232925 0.12567465007305145 0.07926075905561447 0.05556410551071167 -0.056346338242292404
0.04656568542122841 -0.02520310878753662 -0.012728789821267128 -0.03177650645375252 -0.01896725594997406 0.05393972620368004 0.05378430709242821 0.1314069926738739 -0.025874311104416847 -0.08203011751174927 0.043091095983982086 0.026512324810028076 0.005930299870669842 1.8060389265883714e-05 0.023079659789800644 -0.10195273160934448 -0.05326908454298973 0.06883533298969269 -0.050594817847013474 -0.003375090891495347 -0.003824311075732112 0.03678198903799057 0.16425086557865143 0.0032899898942559958 0.08181428164243698 0.023468714207410812 0.024445317685604095 -0.1127072274684906 0.008049982599914074 -0.016607604920864105 -0.07813281565904617 0.08765791356563568 0.013025996275246143 0.02423473820090294 -0.09181438386440277 0.05036152899265289 -0.0833190307021141 -0.005387939512729645 -0.018201420083642006 -0.0032657005358487368 -0.06767170131206512 -0.048330459743738174 0.036210592836141586 -0.10415548831224442 -0.003923904150724411 0.03581390902400017 -0.05219748616218567 -0.06357304006814957 0.07388253509998322 0.03822895511984825 0.06289497762918472 0.03344114124774933 -0.06224982813000679 -0.09409641474485397 0.009548359550535679 -0.016234535723924637 -0.042739998549222946 -0.06490229070186615 -0.014622345566749573 -0.12208385765552521 0.015819888561964035 0.09113282710313797 0.1294994205236435 0.01383655983954668
bias 0.08218353241682053 0.08210830390453339 0.010207205079495907 -0.06210039556026459
